Part,Image,Layer,X,Y,Scale,Flip,Notes
terrain,art_source/pixellab/village/terrain.png,background,0,0,4,,"ROUND AN (village ground). The floor of the whole ground: meadow, paths, the stream, a few market stalls. PixelLab create_image_pro 640 x 360, drawn x4 = the full 2560 x 1440. The pitch covers its middle. Rows are drawn top to bottom, so the first row is the bottom layer"
town_left,art_source/pixellab/village/town.png,background,0,0,2,,"The row of houses and the church behind the far touchline (PixelLab, 640 x 112, x2). X and Y are the top-left corner in pitch pixels (the 2560 x 1440 picture). The white lines are at x 436-2124 and y 288-1152 (tools/make_pitch.py prints them)"
town_right,art_source/pixellab/village/town.png,background,1280,0,2,h,"The same row again, mirrored (Flip h), so the street runs the whole width"
farm,art_source/pixellab/village/farm.png,background,-4,430,2,,"The farm on the left: barn, haystacks, cows, the tractor (PixelLab, 200 x 288, x2)"
beer_tent,art_source/pixellab/village/beer_tent.png,background,2164,300,2,,"The blue-and-white beer tent on the right, with benches (PixelLab, 200 x 160, x2)"
trees_right,art_source/pixellab/village/trees.png,background,2176,700,2,,"Trees under the beer tent (PixelLab, 192 x 192, x2)"
trees_bottom_left,art_source/pixellab/village/trees.png,background,0,1060,2,h,Trees in the bottom-left corner
trees_bottom_right,art_source/pixellab/village/trees.png,background,2176,1090,2,,Trees in the bottom-right corner
clubhouse,art_source/pixellab/village/clubhouse.png,background,1056,1196,2,,"The club's Vereinsheim, bottom middle, with the blue-and-white flag (PixelLab, 224 x 128, x2)"
locals,art_source/pixellab/village/locals.png,background,1530,1350,1,,"A few locals who always come: pipe, pram, kids, dachshund, beer (PixelLab, 256 x 64). People are drawn x1, the same pixel size as the players"
fans_top_left,art_source/pixellab/village/fans.png,crowd,440,180,1,,"FULL HOUSE: the packed terrace along the far touchline (PixelLab, 512 x 64, x1). Everything with Layer crowd goes into stadium_crowd.png, which Stadium.csv only shows once Full House is unlocked"
fans_top_mid,art_source/pixellab/village/fans.png,crowd,1024,180,1,h,Second piece of the far terrace
fans_top_right,art_source/pixellab/village/fans.png,crowd,1608,180,1,,Third piece of the far terrace
fans_bottom_left,art_source/pixellab/village/fans.png,crowd,470,1200,1,h,The near terrace left of the clubhouse
fans_bottom_right,art_source/pixellab/village/fans.png,crowd,1560,1200,1,,The near terrace right of the clubhouse
