ID,Question,Cards,Example,My Reading,Your Ruling
F1,"In a duel a card uses ONE of its two abilities: the ATTACK side when it attacks, the DEFEND side when it defends. Right? (Today the engine fires both sides, filtered only by trigger.)",216,Sallos set: Attack 'Switch to being the defender' / Defend 'If Defending: ...',"Yes - built that way in C1, behind ability_uses_role_side in Tuning.csv.","Correct. If they are the attacker they are using only their attack ability (unless the ability says otherwise). The winner of the last combat makes their next ally that gets the ball automatically the attacker. Switch to being the defender, means that they are now also using their defending side and not the attacking side. The attack is then redeclared whoever the winner of that combat is and is giving the attack side to their ally. "
F2,"OUTSIDE a duel (in the exhaust zone, in exile, at the end of the cycle) which side counts - the one it played in its LAST duel, or both?",40,"Vassago I0: Attack '...+1 power' / Defend '...+2 power', both 'While in Exhaust'",The side it played in its last duel.,"Cycle - Where all cards / units habe been used up, and the player gets their initial Tier I-IV hands back as in the beginning of the game. The Exile = Exhaust Zone ( I may have called some Exile, but it shoudl be the Exhaust Zone. These cards are the ones that were previously used in combat and are unusable until a cycle occurs. The player has to choose one, cannot be both"
F3,"REVEAL happens in the draft, before anyone knows who attacks. Which side's Reveal fires - Attack, Defend, or the one you choose when you press SHOW?",13,Zepar I0: Attack 'next 2 swans...' / Defend 'next 3 swans...',"Proposed: you choose, with two SHOW buttons. Until you rule: the side that HAS a Reveal fires - the Attack side if both do.","The enemy may REVEAL if they have a card of that Tier while the player is also picking from that Tier. The next tier of units aren't shown until both player are ""done"" with their pick. When a REVEAL is picked, the will be asked, if they want to REVEAL the card after picking it. Then if they said yes, before the next Tier cards are shown, the card is revealed to the enemy player. The card you have mentioned should add a window that keeps track of how many more units they can play that will get a buff. So if the next three fire get +1 power duing combat, show x fire get +1 power during combat as the player plays more of the fire."
F4,"PRIORITY: today a card's ability priority IS its power, lower goes first, the attacker first on a tie. Keep that? And 'give ability priority' = goes FIRST regardless?",6,Sitri II2 'Give a Tier II water unit ability priority'; Vassago III4 'Change enemy priority by -1',Keep it. 'Ability priority' = resolves first; '+1 / -1 priority' moves its place in the queue by one.,"Yes keep that, and there are cards that have -1 Priority as an ablity, which means that their Power doesn't change only their Priority (you can add a new bubble that shows the Priority number if that is different than the power, same with combat power being different add the difference to a bubble with a + or - that shows what is added or removed) "
R01,WHICH goalie loses the stamina - the enemy's? (Read as the enemy's.),4,Volker (Bergmännlein): If another Unit is mining: Give -1 Stamina to goalie,Read as the enemy's.,"Both, it should be a flexible card, I will have cards in the future that will intentially decrease own stamina for power"
R02,"""enemy chance"": the enemy KEEPER's chance to save (so better for you), or the enemy's chance to SCORE? (Read as their keeper's.)",3,Dominik (Bergmännlein): Consume 2 Ore: Increase 5% on enemy chance (Max 1),Read as their keeper's.,"Yes, it should make it better for the player that it is easier to score a goal (so the % that is already in game and shown when the stamina is low, so the stamina stays the same, and the % is changed to make it easier without affecting the stamina. "
R03,"""Next"": the next card of that kind to DUEL - later this round, and into the next round if this was Tier IV? (Read that way.)",36,Lennart (Bergmännlein): If another Unit is mining: Give the next ally unit -1 priority,Read that way.,"This one is indeed a little confusing. While this is in combat, any unit is mining (where that may be in exhaust zone or on the field) give the next unit played (so if this card is Tier III then yes Tier IV would get the decrease) it should actually be -1 prioity (this is an older formated card so it isn't clear how much to decrease) "
R04,"""+1 damage during combat"": the same as +1 power for this duel? (Read that way.)",10,Philipp (Rauhnacht-Feuergeister): If this has a burn counter: deal +1 damage during combat,Read that way.,"So while this card is in combat, that is power check against of the same tier enemy unit, if it is burning, it get +1 power while in combat "
R05,(Max N): N times per MATCH for this card? (Read that way.),14,Tobias (Bergmännlein): Consume 1 Ore: Choose 1 mine. Units mining get +1 ore counter. (Max 1),Read that way.,Yes MAX is per match
R06,"Once per cycle per card, or once per cycle per side? (Read as per card.)",13,Ralf (Unkengeister): While in Exhaust: Swap this Unit with another Tier I during combat and give this +1 power ,Read as per card.,"Yes, that is true this is one per cycle "
R07,"""The void"": the 18 cards NOT in the match (your bench), or the Exile zone? (Read as the bench.)",3,"Marie (Unkengeister): If this touched the ball before ""PLAY MAKER"": Apply ""cold touch"" on the ball and swap this",Read as the bench.,It would either be from exhaust (if it says exhaust) or from the Tier Zone of that unit that hasn't been played yet (not outside the game) 
R08,"""Outside of the game"": the bench (the 18 not fielded)? And does the fused card keep its own name? (Read as the bench; the fused card keeps this card's name.)",6,Jonas (Rauhnacht-Feuergeister): Can be fused. This unit fuses itself with a Tier III fire unit  from outside of the game,Read as the bench; the fused card keeps this card's name.,"In this situation you are correct, outside of the game would be the bench, but we should make it 3 players max for now (so the player needs to dictate what players are ""outside of the game"") "
R09,"+1 to the yellow card bar: one whole SEGMENT of the referee's bar, or one Fill Per Trigger? (Read as one segment.)",5,Thomas (Lorelei): If Defending: Give then enemy +1 yellow card progression,Read as one segment.,"It would be one tier (so not a fulll yellow card, but a fraction that is added so that it inches closer to it full yellow card) "
R10,By how much? No number is written. (Read as +10% for the round.),1,"Sophie (Unkengeister): If this touched the ball before ""PLAY MAKER"": Apply ""cold touch"" on the ball and increase ",Read as +10% for the round.,"You are absolutley correct, initially there was no idea on how this system works, so I would agree make it a real %, let us start with 5%"
R11,A shield: blocks the next N stamina lost? the next goal? (Proposed: absorbs one point of stamina damage per shield.),2,Oliver (Bergmännlein): If another Unit is mining: Add +1 to goalie shield,Proposed: absorbs one point of stamina damage per shield.,"Yes I agree with your proposal, it s a different ""bar"" that shows a shield and goes down first before stamina. Same damage but jsut another layer"
R12,"Ore lives where - on the CARD, or in one pool for the side? (Proposed: one pool per side, shown on the emblem bar.)",35,Tobias (Bergmännlein): Consume 1 Ore: Choose 1 mine. Units mining get +1 ore counter. (Max 1),"Proposed: one pool per side, shown on the emblem bar.","So mines are established through emblem or other means, but yes there would be mines on the side of the field for example and thsi would give any mine (if there is a mine in exaust that would work too) a +1 mining for ore, lets change this to one per game. Not max 3"
R13,"""Touched the ball"": held it at any point in open play since the last PLAY MAKER? (Read that way.)",18,"Finn (Unkengeister): If this touched the ball: Apply ""cold touch"" on the ball and enemy deals -2 power during c",Read that way.,"Excatly, before the PLAY MAKER, we can reword this to fit this better if you like "
R14,Exile vs Exhaust: exhausted cards come back at the end of the cycle; exiled ones only when a rule says so. Is that right? (Read that way.),9,Nicole (Bergmännlein): If another Unit is mining: Swap this card with one of same power and tier from the exhaust,Read that way.,"Exile = Exhaust, Exile was the old name for Exhaust zone "
R15,"Switch to defender: the duel flips (you defend, they attack) - and does the BALL then stay with whoever wins as normal? (Read: yes, the ball follows the winner as always.)",9,Johanna (Lorelei): Switch to being the defender,"Read: yes, the ball follows the winner as always.",Yes you are absolutley correct
R16,"""Intoxication to foul"": this card's own foul chance, or a mark that raises that enemy's foul chance? (Read as a mark: that enemy is +5% to foul for the match.)",1,Nils (Bergmännlein): Consume 3 Ore: Give the enemy +5% foul chance for the match (once per game),Read as a mark: that enemy is +5% to foul for the match.,This is again another older version of simply increasing foul % so no intoxication please just +5% for the match is should be (once per game) 
R17,"Swap with ANOTHER Tier I: one of yours from the field, from the exhaust zone, or the enemy's? (Read as one of YOUR Tier I cards still on the field.)",6,Ralf (Unkengeister): While in Exhaust: Swap this Unit with another Tier I during combat and give this +1 power ,Read as one of YOUR Tier I cards still on the field.,"So during combat, the Exhaust Zone should light up (if cards can be used during the phase, such as combat phase) and then before the combat begins, the player has the option to trigger the effect, which should switch this card with the current active player, so they swap, the active player is sent to the exhaust and the exhausted goes to the active combat, then combat continues if the enemy doesn't have any action similar and both are ready (if nobody has any actions that can happen, then it just auto plays as normal, only interrrupt if a player has some action they could use). "
R18,"""Attack power during combat"": the power the card FIGHTS with in that combat, whichever side it is on - so a -1 to a DEFENDING enemy still bites? (Read that way.)",15,Sven (Lorelei): If you control a token: Use its attack power during combat,Read that way.,
