Class,Set,Card,Tier,Power,Side,Text,When,If,Cost,Do,Target,Value,Scope,Max,Words Needed,Phase,Status,Question,Your Ruling
Bergmännlein,Belial,Tobias,I,0,Attack,Consume 1 Ore: Choose 1 mine. Units mining get +1 ore counter. (Max 1),on_attack,,ore:1,mine,ally,1,round,1,ore; mine,C6,C6,"(Max N): N times per MATCH for this card? (Read that way.) Ore lives where - on the CARD, or in one pool for the side? (Proposed: one pool per side, shown on the emblem bar.)",
Bergmännlein,Belial,Tobias,I,0,Defend,Gain 3 Ore counters,on_defend,,,gain_ore,side,3,match,,gain_ore,C2,C2,"Ore lives where - on the CARD, or in one pool for the side? (Proposed: one pool per side, shown on the emblem bar.)",
Bergmännlein,Belial,Erich,I,1,Attack,Consume 2 Ore: Increase enemy goalie % chance by 2% (Max 3),on_attack,,ore:2,goalie_chance,enemy_goalie,2,round,3,ore; goalie_chance,C3,C3,(Max N): N times per MATCH for this card? (Read that way.),
Bergmännlein,Belial,Erich,I,1,Defend,Consume 2 Ore: Give -1 to enemy during combat (Max 1),on_defend,,ore:2,add_power,opponent,-1,duel,1,ore,C2,C2,(Max N): N times per MATCH for this card? (Read that way.),
Bergmännlein,Belial,Karl,I,2,Attack,Consume 3 Ore: Add +1% to enemy Yellow Card chance (Max 5),on_attack,,ore:3,add_card_chance,all_enemies,1,match,5,ore,C2,C2,(Max N): N times per MATCH for this card? (Read that way.),
Bergmännlein,Belial,Karl,I,2,Defend,Consume 3 Ore: Negate power buff (Max 1),on_defend,,ore:3,negate_buff,opponent,1,duel,1,ore; negate_buff,C4,C4,(Max N): N times per MATCH for this card? (Read that way.),
Bergmännlein,Belial,Nicole,II,1,Attack,If another Unit is mining: Use the base power of an enemy unit,on_attack,mining,,use_enemy_power,opponent,1,duel,,mining; use_enemy_power,C6,C6,"Ore lives where - on the CARD, or in one pool for the side? (Proposed: one pool per side, shown on the emblem bar.)",
Bergmännlein,Belial,Nicole,II,1,Defend,If another Unit is mining: Swap this card with one of same power and tier from the exhaust,on_defend,mining,,swap_from_exhaust,self,1,duel,,mining; swap_from_exhaust,C6,C6,"Ore lives where - on the CARD, or in one pool for the side? (Proposed: one pool per side, shown on the emblem bar.) Exile vs Exhaust: exhausted cards come back at the end of the cycle; exiled ones only when a rule says so. Is that right? (Read that way.)",
Bergmännlein,Belial,Oliver,II,2,Attack,If another Unit is mining: Player using Defend Ability,on_attack,mining,,force_ability:defend,opponent,1,duel,,mining; force_ability,C6,C6,"Ore lives where - on the CARD, or in one pool for the side? (Proposed: one pool per side, shown on the emblem bar.)",
Bergmännlein,Belial,Oliver,II,2,Defend,If another Unit is mining: Add +1 to goalie shield,on_defend,mining,,goalie_shield,own_goalie,1,match,,mining; goalie_shield,C6,C6,"A shield: blocks the next N stamina lost? the next goal? (Proposed: absorbs one point of stamina damage per shield.) Ore lives where - on the CARD, or in one pool for the side? (Proposed: one pool per side, shown on the emblem bar.)",
Bergmännlein,Belial,Lennart,II,3,Attack,If another Unit is mining: Give the next ally unit -1 priority,on_attack,mining,,change_priority,next_tier_ally,-1,duel,,mining; change_priority; next_tier_ally,C6,C6,"""Next"": the next card of that kind to DUEL - later this round, and into the next round if this was Tier IV? (Read that way.) Ore lives where - on the CARD, or in one pool for the side? (Proposed: one pool per side, shown on the emblem bar.)",
Bergmännlein,Belial,Lennart,II,3,Defend,If another Unit is mining: Deal 1 damage to enemy goalie,on_defend,mining,,drain_stamina,enemy_goalie,1,now,,mining,C6,C6,"Ore lives where - on the CARD, or in one pool for the side? (Proposed: one pool per side, shown on the emblem bar.)",
Bergmännlein,Belial,Volker,IV,3,Attack,If another Unit is mining: Gain +1 power during combat,on_attack,mining,,add_power,self,1,duel,,mining,C6,C6,"Ore lives where - on the CARD, or in one pool for the side? (Proposed: one pool per side, shown on the emblem bar.)",
Bergmännlein,Belial,Volker,IV,3,Defend,If another Unit is mining: Give -1 Stamina to goalie,on_defend,mining,,drain_stamina,enemy_goalie,1,now,,mining,C6,C6,"WHICH goalie loses the stamina - the enemy's? (Read as the enemy's.) Ore lives where - on the CARD, or in one pool for the side? (Proposed: one pool per side, shown on the emblem bar.)",
Bergmännlein,Belial,Kai,IV,4,Attack,If another Unit is mining: Deal 1 damage to enemy goalie,on_attack,mining,,drain_stamina,enemy_goalie,1,now,,mining,C6,C6,"Ore lives where - on the CARD, or in one pool for the side? (Proposed: one pool per side, shown on the emblem bar.)",
Bergmännlein,Belial,Kai,IV,4,Defend,If another Unit is mining: Give +1 Stamina to goalie,on_defend,mining,,restore_stamina,own_goalie,1,now,,mining,C6,C6,"Ore lives where - on the CARD, or in one pool for the side? (Proposed: one pool per side, shown on the emblem bar.)",
Bergmännlein,Belial,Walter,IV,5,Attack,If another Unit is mining: Give -1 to enemy during combat,on_attack,mining,,add_power,opponent,-1,duel,,mining,C6,C6,"Ore lives where - on the CARD, or in one pool for the side? (Proposed: one pool per side, shown on the emblem bar.)",
Bergmännlein,Belial,Walter,IV,5,Defend,If another Unit is mining: Gain +1 power during combat,on_defend,mining,,add_power,self,1,duel,,mining,C6,C6,"Ore lives where - on the CARD, or in one pool for the side? (Proposed: one pool per side, shown on the emblem bar.)",
Bergmännlein,Valefor,Kerstin,I,0,Attack,Consume 1 Ore: Reduce the ally goalie % chance by 50% this turn (once per round),on_attack,,ore:1,goalie_chance,own_goalie,-50,round,1/round,ore; goalie_chance,C3,C3,,
Bergmännlein,Valefor,Kerstin,I,0,Defend,Gain 3 Ore counters,on_defend,,,gain_ore,side,3,match,,gain_ore,C2,C2,"Ore lives where - on the CARD, or in one pool for the side? (Proposed: one pool per side, shown on the emblem bar.)",
Bergmännlein,Valefor,Dominik,I,1,Attack,Consume 2 Ore:  Enemy has to use Attack Ability,on_attack,,ore:2,force_ability:attack,opponent,1,duel,,ore; force_ability,C4,C4,,
Bergmännlein,Valefor,Dominik,I,1,Defend,Consume 2 Ore: Increase 5% on enemy chance (Max 1),on_defend,,ore:2,goalie_chance,enemy_goalie,5,round,1,ore; goalie_chance,C3,C3,"""enemy chance"": the enemy KEEPER's chance to save (so better for you), or the enemy's chance to SCORE? (Read as their keeper's.) (Max N): N times per MATCH for this card? (Read that way.)",
Bergmännlein,Valefor,Nils,I,2,Attack,Consume 3 Ore: Give the enemy +5% foul chance for the match (once per game),on_attack,,ore:3,foul_chance,all_enemies,5,match,1/game,ore; foul_chance; once_per_game,C3,C3,"""Intoxication to foul"": this card's own foul chance, or a mark that raises that enemy's foul chance? (Read as a mark: that enemy is +5% to foul for the match.)",
Bergmännlein,Valefor,Nils,I,2,Defend,Consume 3 Ore: Gain +1 Power during combat (Max 2),on_defend,,ore:3,add_power,self,1,duel,2,ore,C2,C2,(Max N): N times per MATCH for this card? (Read that way.),
Bergmännlein,Valefor,Lea,II,1,Attack,If collected Ore this round (Mining or otherwise): Give +1 Stamina to goalie,on_attack,ore_this_round,,restore_stamina,own_goalie,1,now,,ore_this_round,C2,C2,"Ore lives where - on the CARD, or in one pool for the side? (Proposed: one pool per side, shown on the emblem bar.)",
Bergmännlein,Valefor,Lea,II,1,Defend,If collected Ore this round (Mining or otherwise): Gain +1 power during combat,on_defend,ore_this_round,,add_power,self,1,duel,,ore_this_round,C2,C2,"Ore lives where - on the CARD, or in one pool for the side? (Proposed: one pool per side, shown on the emblem bar.)",
Bergmännlein,Valefor,Kevin,II,2,Attack,If collected Ore this round (Mining or otherwise): Deal 1 damage to enemy goalie,on_attack,ore_this_round,,drain_stamina,enemy_goalie,1,now,,ore_this_round,C2,C2,"Ore lives where - on the CARD, or in one pool for the side? (Proposed: one pool per side, shown on the emblem bar.)",
Bergmännlein,Valefor,Kevin,II,2,Defend,If collected Ore this round (Mining or otherwise): This units uses its attack ability,on_defend,ore_this_round,,force_ability:attack,self,1,duel,,ore_this_round; force_ability,C4,C4,"Ore lives where - on the CARD, or in one pool for the side? (Proposed: one pool per side, shown on the emblem bar.)",
Bergmännlein,Valefor,Harald,II,3,Attack,If collected Ore this round (Mining or otherwise): Increase 2% on enemy chance,on_attack,ore_this_round,,goalie_chance,enemy_goalie,2,round,,ore_this_round; goalie_chance,C3,C3,"""enemy chance"": the enemy KEEPER's chance to save (so better for you), or the enemy's chance to SCORE? (Read as their keeper's.) Ore lives where - on the CARD, or in one pool for the side? (Proposed: one pool per side, shown on the emblem bar.)",
Bergmännlein,Valefor,Harald,II,3,Defend,If collected Ore this round (Mining or otherwise): Give -1 to enemy during combat,on_defend,ore_this_round,,add_power,opponent,-1,duel,,ore_this_round,C2,C2,"Ore lives where - on the CARD, or in one pool for the side? (Proposed: one pool per side, shown on the emblem bar.)",
Bergmännlein,Valefor,Sebastian,IV,3,Attack,If collected Ore this round (Mining or otherwise): Give -1 Stamina to goalie,on_attack,ore_this_round,,drain_stamina,enemy_goalie,1,now,,ore_this_round,C2,C2,"WHICH goalie loses the stamina - the enemy's? (Read as the enemy's.) Ore lives where - on the CARD, or in one pool for the side? (Proposed: one pool per side, shown on the emblem bar.)",
Bergmännlein,Valefor,Sebastian,IV,3,Defend,If collected Ore this round (Mining or otherwise): Negate enemy ability,on_defend,ore_this_round,,negate_ability,opponent,1,duel,,ore_this_round; negate_ability,C4,C4,"Ore lives where - on the CARD, or in one pool for the side? (Proposed: one pool per side, shown on the emblem bar.)",
Bergmännlein,Valefor,Reinhold,IV,4,Attack,If collected Ore this round (Mining or otherwise): Deal 1 damage to enemy goalie,on_attack,ore_this_round,,drain_stamina,enemy_goalie,1,now,,ore_this_round,C2,C2,"Ore lives where - on the CARD, or in one pool for the side? (Proposed: one pool per side, shown on the emblem bar.)",
Bergmännlein,Valefor,Reinhold,IV,4,Defend,If collected Ore this round (Mining or otherwise): Gain +1 power during combat,on_defend,ore_this_round,,add_power,self,1,duel,,ore_this_round,C2,C2,"Ore lives where - on the CARD, or in one pool for the side? (Proposed: one pool per side, shown on the emblem bar.)",
Bergmännlein,Valefor,Michael,IV,5,Attack,If collected Ore this round (Mining or otherwise): Increase enemy priority by +1,on_attack,ore_this_round,,change_priority,opponent,1,duel,,ore_this_round; change_priority,C4,C4,"Ore lives where - on the CARD, or in one pool for the side? (Proposed: one pool per side, shown on the emblem bar.)",
Bergmännlein,Valefor,Michael,IV,5,Defend,If collected Ore this round (Mining or otherwise): Increase enemy goalie % by 2%,on_defend,ore_this_round,,goalie_chance,enemy_goalie,2,round,,ore_this_round; goalie_chance,C3,C3,"Ore lives where - on the CARD, or in one pool for the side? (Proposed: one pool per side, shown on the emblem bar.)",
Bergmännlein,Haures,Georg,I,0,Attack,Consume 1 Ore: Give your goalie 1 Stamina (Max 5),on_attack,,ore:1,restore_stamina,own_goalie,1,now,5,ore,C2,C2,(Max N): N times per MATCH for this card? (Read that way.),
Bergmännlein,Haures,Georg,I,0,Defend,Gain 3 Ore counters,on_defend,,,gain_ore,side,3,match,,gain_ore,C2,C2,"Ore lives where - on the CARD, or in one pool for the side? (Proposed: one pool per side, shown on the emblem bar.)",
Bergmännlein,Haures,Leon,I,1,Attack,Consume 2 Ore: Remove next ally Condition (Max 1),on_attack,,ore:2,remove_condition,next_ally,1,duel,1,ore; remove_condition; next_ally,C4,C4,"""Next"": the next card of that kind to DUEL - later this round, and into the next round if this was Tier IV? (Read that way.) (Max N): N times per MATCH for this card? (Read that way.)",
Bergmännlein,Haures,Leon,I,1,Defend,Consume 2 Ore: Negate power buff (Max 1),on_defend,,ore:2,negate_buff,opponent,1,duel,1,ore; negate_buff,C4,C4,(Max N): N times per MATCH for this card? (Read that way.),
Bergmännlein,Haures,Balthasar,I,2,Attack,Consume 3 Ore: Give -1 Stamina to goalie (Max 3),on_attack,,ore:3,drain_stamina,enemy_goalie,1,now,3,ore,C2,C2,WHICH goalie loses the stamina - the enemy's? (Read as the enemy's.) (Max N): N times per MATCH for this card? (Read that way.),
Bergmännlein,Haures,Balthasar,I,2,Defend,Consume 3 Ore: Deal 1 damage to enemy goalie (Max 5),on_defend,,ore:3,drain_stamina,enemy_goalie,1,now,5,ore,C2,C2,(Max N): N times per MATCH for this card? (Read that way.),
Bergmännlein,Haures,Sepp,II,1,Attack,In exhaust & Goaly successfully defends: Give -1 to enemy during combat,goalie_save,in_exhaust,,add_power,next_enemy,-1,duel,,goalie_save; while_in_exhaust; next_enemy,C1,C1,,
Bergmännlein,Haures,Sepp,II,1,Defend,In exhaust & Goaly successfully defends: Deal 1 damage to enemy goalie,goalie_save,in_exhaust,,drain_stamina,enemy_goalie,1,now,,goalie_save; while_in_exhaust,C1,C1,,
Bergmännlein,Haures,Ursula,II,2,Attack,In exhaust & Goaly successfully defends: Gain +1 power during combat,goalie_save,in_exhaust,,add_power,next_self,1,duel,,goalie_save; while_in_exhaust; next_self,C1,C1,,
Bergmännlein,Haures,Ursula,II,2,Defend,In exhaust & Goaly successfully defends: Give +1 Stamina to goalie,goalie_save,in_exhaust,,restore_stamina,own_goalie,1,now,,goalie_save; while_in_exhaust,C1,C1,,
Bergmännlein,Haures,Hannah,II,3,Attack,In exhaust & Goaly successfully defends: ncrease enemy priority by +1,goalie_save,in_exhaust,,change_priority,next_enemy,1,duel,,goalie_save; while_in_exhaust; change_priority; next_enemy,C4,C4,,
Bergmännlein,Haures,Hannah,II,3,Defend,In exhaust & Goaly successfully defends: Increase enemy goalie % by 2%,goalie_save,in_exhaust,,goalie_chance,enemy_goalie,2,round,,goalie_save; while_in_exhaust; goalie_chance,C3,C3,,
Bergmännlein,Haures,Frank,IV,3,Attack,In exhaust & Goaly successfully defends: Increase 2% on enemy chance,goalie_save,in_exhaust,,goalie_chance,enemy_goalie,2,round,,goalie_save; while_in_exhaust; goalie_chance,C3,C3,"""enemy chance"": the enemy KEEPER's chance to save (so better for you), or the enemy's chance to SCORE? (Read as their keeper's.)",
Bergmännlein,Haures,Frank,IV,3,Defend,In exhaust & Goaly successfully defends: Give -1 to enemy during combat,goalie_save,in_exhaust,,add_power,next_enemy,-1,duel,,goalie_save; while_in_exhaust; next_enemy,C1,C1,,
Bergmännlein,Haures,Günter,IV,4,Attack,In exhaust & Goaly successfully defends: Gain +1 power during combat,goalie_save,in_exhaust,,add_power,next_self,1,duel,,goalie_save; while_in_exhaust; next_self,C1,C1,,
Bergmännlein,Haures,Günter,IV,4,Defend,In exhaust & Goaly successfully defends: Give -1 Stamina to goalie,goalie_save,in_exhaust,,drain_stamina,enemy_goalie,1,now,,goalie_save; while_in_exhaust,C1,C1,WHICH goalie loses the stamina - the enemy's? (Read as the enemy's.),
Bergmännlein,Haures,Rudolf,IV,5,Attack,In exhaust & Goaly successfully defends: Add +1 to goalie shield,goalie_save,in_exhaust,,goalie_shield,own_goalie,1,match,,goalie_save; while_in_exhaust; goalie_shield,C3,C3,A shield: blocks the next N stamina lost? the next goal? (Proposed: absorbs one point of stamina damage per shield.),
Bergmännlein,Haures,Rudolf,IV,5,Defend,In exhaust & Goaly successfully defends: Deal 1 damage to enemy goalie,goalie_save,in_exhaust,,drain_stamina,enemy_goalie,1,now,,goalie_save; while_in_exhaust,C1,C1,,
Lorelei,Sitri,Matthias,I,0,Attack,If you control a token: Deal 1 damage to the enemy goalie at the end of the cycle,end_of_cycle,has_token,,drain_stamina,enemy_goalie,1,now,,end_of_cycle; has_token,C2,C2,,
Lorelei,Sitri,Matthias,I,0,Defend,While in exhaust: Give a Tier I water unit +1 power during comabt (once per cycle),while_in_exhaust,,,add_power,next_ally:water+I,1,duel,1/cycle,while_in_exhaust; next_ally; once_per_cycle,C1,C1,"Once per cycle per card, or once per cycle per side? (Read as per card.)",
Lorelei,Sitri,Magdalena,I,1,Attack,If you control a token: During combat remove 1 power from a Tier I unit,on_attack,has_token,,add_power,enemytier:I,-1,duel,,has_token,C2,C2,,
Lorelei,Sitri,Magdalena,I,1,Defend,While in exhaust: Deal 1 damage to the enemy goalie at the end of a cycle  (once per cycle),end_of_cycle,in_exhaust,,drain_stamina,enemy_goalie,1,now,1/cycle,end_of_cycle; while_in_exhaust; once_per_cycle,C1,C1,"Once per cycle per card, or once per cycle per side? (Read as per card.)",
Lorelei,Sitri,Leonhard,I,2,Attack,If you control a token: Give your the next water unit +1 power during combat,on_attack,has_token,,add_power,next_ally:water,1,duel,,has_token; next_ally,C2,C2,"""Next"": the next card of that kind to DUEL - later this round, and into the next round if this was Tier IV? (Read that way.)",
Lorelei,Sitri,Leonhard,I,2,Defend,While in exhaust: Give a Tier II water unit ability priority during combat (once per cycle),while_in_exhaust,,,give_priority,next_ally:water+II,1,duel,1/cycle,while_in_exhaust; give_priority; next_ally; once_per_cycle,C4,C4,"Once per cycle per card, or once per cycle per side? (Read as per card.)",
Lorelei,Sitri,Ignaz,III,2,Attack,If you control a token: Swap the attack of the token with this unit power,on_attack,has_token,,swap_power,token,1,duel,,has_token; swap_power; token,C4,C4,,
Lorelei,Sitri,Ignaz,III,2,Defend,While in exhaust: During combat remove 1 power from a Tier III unit (once per cycle),while_in_exhaust,,,add_power,next_enemy:III,-1,duel,1/cycle,while_in_exhaust; next_enemy; once_per_cycle,C1,C1,"Once per cycle per card, or once per cycle per side? (Read as per card.)",
Lorelei,Sitri,Carl,III,3,Attack,If you control a token: Force the enemy TIer III to use their other ability,on_attack,has_token,,force_ability:other,enemytier:III,1,duel,,has_token; force_ability,C4,C4,,
Lorelei,Sitri,Carl,III,3,Defend,While in exhaust: Give your goalie 1 stamina after Tier IV combat (once per cycle),after_combat,in_exhaust,,restore_stamina,own_goalie,1,now,1/cycle,after_combat; while_in_exhaust; once_per_cycle,C2,C2,"Once per cycle per card, or once per cycle per side? (Read as per card.)",
Lorelei,Sitri,Dennis,III,4,Attack,If you control a token: Deal 1 damage to the enemy goalie at the end of the cycle,end_of_cycle,has_token,,drain_stamina,enemy_goalie,1,now,,end_of_cycle; has_token,C2,C2,,
Lorelei,Sitri,Dennis,III,4,Defend,While in exhaust: Force then enemy Tier III to use their other ability during combat (once per cycle),while_in_exhaust,,,force_ability:other,next_enemy:III,1,duel,1/cycle,while_in_exhaust; force_ability; next_enemy; once_per_cycle,C4,C4,"Once per cycle per card, or once per cycle per side? (Read as per card.)",
Lorelei,Sitri,Lothar,IV,3,Attack,"If you control a token: Doulbe its attack for its next combat, but then swap a card from the exhaust of the same Tier",on_attack,has_token,,double_attack | swap_from_exhaust,token | token,1 | 1,duel | duel,,has_token; double_attack; swap_from_exhaust; token,C5,C5,Exile vs Exhaust: exhausted cards come back at the end of the cycle; exiled ones only when a rule says so. Is that right? (Read that way.),
Lorelei,Sitri,Lothar,IV,3,Defend,While in exhaust: Give a Tier IV water unit +1 power during comabt  (once per cycle),while_in_exhaust,,,add_power,next_ally:water+IV,1,duel,1/cycle,while_in_exhaust; next_ally; once_per_cycle,C1,C1,"Once per cycle per card, or once per cycle per side? (Read as per card.)",
Lorelei,Sitri,Sven,IV,4,Attack,If you control a token: Change the enemy's base power to the power of a token you own during combat,on_attack,has_token,,set_power_from_token,opponent,1,duel,,has_token; set_power_from_token,C4,C4,,
Lorelei,Sitri,Sven,IV,4,Defend,While in exhaust: Deal 1 damage to the enemy goalie at the end of a cycle  (once per cycle),end_of_cycle,in_exhaust,,drain_stamina,enemy_goalie,1,now,1/cycle,end_of_cycle; while_in_exhaust; once_per_cycle,C1,C1,"Once per cycle per card, or once per cycle per side? (Read as per card.)",
Lorelei,Sitri,Manfred,IV,5,Attack,If you control a token: Send this unit to the exhaust and replace it with a Rose Unit Token (same base power),on_attack,has_token,,create_token:rose,self,1,match,,has_token; create_token,C2,C2,Exile vs Exhaust: exhausted cards come back at the end of the cycle; exiled ones only when a rule says so. Is that right? (Read that way.),
Lorelei,Sitri,Manfred,IV,5,Defend,"While in exhaust: If you cause a foul, instead flip a coin to see if the enemy gets it instead (once per cycle)",while_in_exhaust,,,foul_coin_flip,self,1,match,1/cycle,while_in_exhaust; foul_coin_flip; once_per_cycle,C3,C3,"Once per cycle per card, or once per cycle per side? (Read as per card.)",
Lorelei,Zepar,Werner,I,0,Attack,Reveal: Your next 2 swan units deal 1 damage to the enemy goalie,reveal,,,drain_stamina,next_ally*2:swan,1,cycle,,swan; next_ally*2,C2,C2,,
Lorelei,Zepar,Werner,I,0,Defend,Reveal: Your next 3 swan units deal 1 damage to the enemy goalie,reveal,,,drain_stamina,next_ally*3:swan,1,cycle,,swan; next_ally*2,C2,C2,,
Lorelei,Zepar,Bartholomäus,I,1,Attack,Reveal: Your next swan units deal 1 damage to the enemy goalie,reveal,,,drain_stamina,next_ally:swan,1,cycle,,swan; next_ally,C2,C2,"""Next"": the next card of that kind to DUEL - later this round, and into the next round if this was Tier IV? (Read that way.)",
Lorelei,Zepar,Bartholomäus,I,1,Defend,Reveal: Your next swan units deal 1 damage to the enemy goalie,reveal,,,drain_stamina,next_ally:swan,1,cycle,,swan; next_ally,C2,C2,"""Next"": the next card of that kind to DUEL - later this round, and into the next round if this was Tier IV? (Read that way.)",
Lorelei,Zepar,Alexander,I,2,Attack,Reveal: Your next swan has +1 power during combat,reveal,,,add_power,next_ally:swan,1,duel,,swan; next_ally,C2,C2,"""Next"": the next card of that kind to DUEL - later this round, and into the next round if this was Tier IV? (Read that way.)",
Lorelei,Zepar,Alexander,I,2,Defend,Reveal: Your next swan has +1 power during combat,reveal,,,add_power,next_ally:swan,1,duel,,swan; next_ally,C2,C2,"""Next"": the next card of that kind to DUEL - later this round, and into the next round if this was Tier IV? (Read that way.)",
Lorelei,Zepar,Gerhard,III,2,Attack,If this unit is a swan: Give the enemy -1 base power during combat,on_attack,is_swan,,add_power,opponent,-1,duel,,is_swan,C2,C2,,
Lorelei,Zepar,Gerhard,III,2,Defend,Reveal: Your next swan deals 1 damage to the enemy goalie,reveal,,,drain_stamina,next_ally:swan,1,cycle,,swan; next_ally,C2,C2,"""Next"": the next card of that kind to DUEL - later this round, and into the next round if this was Tier IV? (Read that way.)",
Lorelei,Zepar,Jakob,III,3,Attack,If this unit is a swan: Give the enemy -1 base power during combat,on_attack,is_swan,,add_power,opponent,-1,duel,,is_swan,C2,C2,,
Lorelei,Zepar,Jakob,III,3,Defend,Reveal: If this unit is a swan: Send it to the exhaust. Create a Swan unit token with this units power.,reveal,is_swan,,create_token:swan | send_to_exhaust,self | self,1 | 1,match | cycle,,is_swan; create_token; send_to_exhaust,C5,C5,Exile vs Exhaust: exhausted cards come back at the end of the cycle; exiled ones only when a rule says so. Is that right? (Read that way.),
Lorelei,Zepar,Edgar,III,4,Attack,If this unit is a swan: Give the enemy -1 base power during combat,on_attack,is_swan,,add_power,opponent,-1,duel,,is_swan,C2,C2,,
Lorelei,Zepar,Edgar,III,4,Defend,Reveal: If you control a token: Give enemy of same Tier -1 power during combat,reveal,has_token,,add_power,next_enemy:III,-1,duel,,has_token; next_enemy,C2,C2,,
Lorelei,Zepar,Ingrid,IV,3,Attack,If this unit is a swan: Give the enemy -1 base power during combat,on_attack,is_swan,,add_power,opponent,-1,duel,,is_swan,C2,C2,,
Lorelei,Zepar,Ingrid,IV,3,Defend,Reveal: Reveal another unit card.,reveal,,,reveal_another,next_self,1,duel,,reveal_another; next_self,C5,C5,,
Lorelei,Zepar,Herbert,IV,4,Attack,If this unit is a swan: Give the enemy -1 base power during combat,on_attack,is_swan,,add_power,opponent,-1,duel,,is_swan,C2,C2,,
Lorelei,Zepar,Herbert,IV,4,Defend,Reveal: This card ability cannot be countered.,reveal,,,uncounterable,next_self,1,duel,,uncounterable; next_self,C4,C4,,
Lorelei,Zepar,Gregor,IV,5,Attack,If this unit is a swan: Give the enemy -1 base power during combat,on_attack,is_swan,,add_power,opponent,-1,duel,,is_swan,C2,C2,,
Lorelei,Zepar,Gregor,IV,5,Defend,Reveal: Give the next Tier I water unit +1 power next combat.,reveal,,,add_power,next_ally:water+I,1,duel,,next_ally,C1,C1,"""Next"": the next card of that kind to DUEL - later this round, and into the next round if this was Tier IV? (Read that way.)",
Lorelei,Sallos,Johanna,I,0,Attack,Switch to being the defender,on_attack,,,switch_to_defender,self,1,duel,,switch_to_defender,C4,C4,"Switch to defender: the duel flips (you defend, they attack) - and does the BALL then stay with whoever wins as normal? (Read: yes, the ball follows the winner as always.)",
Lorelei,Sallos,Johanna,I,0,Defend,If Defending: Give the next Tier II water unit +1 power next combat.,on_defend,defending,,add_power,next_ally:water+II,1,duel,,defending; next_ally,C1,C1,"""Next"": the next card of that kind to DUEL - later this round, and into the next round if this was Tier IV? (Read that way.)",
Lorelei,Sallos,Severin,I,1,Attack,Switch to being the defender,on_attack,,,switch_to_defender,self,1,duel,,switch_to_defender,C4,C4,"Switch to defender: the duel flips (you defend, they attack) - and does the BALL then stay with whoever wins as normal? (Read: yes, the ball follows the winner as always.)",
Lorelei,Sallos,Severin,I,1,Defend,If Defending: Deal 1 damage to the enemy goalie,on_defend,defending,,drain_stamina,enemy_goalie,1,now,,defending,C1,C1,,
Lorelei,Sallos,Thomas,I,2,Attack,Switch to being the defender,on_attack,,,switch_to_defender,self,1,duel,,switch_to_defender,C4,C4,"Switch to defender: the duel flips (you defend, they attack) - and does the BALL then stay with whoever wins as normal? (Read: yes, the ball follows the winner as always.)",
Lorelei,Sallos,Thomas,I,2,Defend,If Defending: Give then enemy +1 yellow card progression,on_defend,defending,,foul_heat,opponent,1,match,,defending; foul_heat,C3,C3,"+1 to the yellow card bar: one whole SEGMENT of the referee's bar, or one Fill Per Trigger? (Read as one segment.)",
Lorelei,Sallos,Sabine,III,2,Attack,Switch to being the defender,on_attack,,,switch_to_defender,self,1,duel,,switch_to_defender,C4,C4,"Switch to defender: the duel flips (you defend, they attack) - and does the BALL then stay with whoever wins as normal? (Read: yes, the ball follows the winner as always.)",
Lorelei,Sallos,Sabine,III,2,Defend,If Defending: Enemy uses their defense ability,on_defend,defending,,force_ability:defend,opponent,1,duel,,defending; force_ability,C4,C4,,
Lorelei,Sallos,Luis,III,3,Attack,Switch to being the defender,on_attack,,,switch_to_defender,self,1,duel,,switch_to_defender,C4,C4,"Switch to defender: the duel flips (you defend, they attack) - and does the BALL then stay with whoever wins as normal? (Read: yes, the ball follows the winner as always.)",
Lorelei,Sallos,Luis,III,3,Defend,If Defending: Give a token this sequence +1 attack during combat,on_defend,defending,,add_power,ally:token,1,duel,,token; defending,C2,C2,"""Attack power during combat"": the power the card FIGHTS with in that combat, whichever side it is on - so a -1 to a DEFENDING enemy still bites? (Read that way.)",
Lorelei,Sallos,Mario,III,4,Attack,Switch to being the defender,on_attack,,,switch_to_defender,self,1,duel,,switch_to_defender,C4,C4,"Switch to defender: the duel flips (you defend, they attack) - and does the BALL then stay with whoever wins as normal? (Read: yes, the ball follows the winner as always.)",
Lorelei,Sallos,Mario,III,4,Defend,If Defending: Your Tier IV gets + 1 attack during combat,on_defend,defending,,add_power,tier:IV,1,duel,,defending; tier,C1,C1,"""Attack power during combat"": the power the card FIGHTS with in that combat, whichever side it is on - so a -1 to a DEFENDING enemy still bites? (Read that way.)",
Lorelei,Sallos,Monika,IV,3,Attack,Switch to being the defender,on_attack,,,switch_to_defender,self,1,duel,,switch_to_defender,C4,C4,"Switch to defender: the duel flips (you defend, they attack) - and does the BALL then stay with whoever wins as normal? (Read: yes, the ball follows the winner as always.)",
Lorelei,Sallos,Monika,IV,3,Defend,If Defending: Remove any shields on the enemy goalie,on_defend,defending,,remove_shields,enemy_goalie,1,now,,defending; remove_shields,C3,C3,,
Lorelei,Sallos,Siegfried,IV,4,Attack,Switch to being the defender,on_attack,,,switch_to_defender,self,1,duel,,switch_to_defender,C4,C4,"Switch to defender: the duel flips (you defend, they attack) - and does the BALL then stay with whoever wins as normal? (Read: yes, the ball follows the winner as always.)",
Lorelei,Sallos,Siegfried,IV,4,Defend,If Defending: Negat the enemy ability,on_defend,defending,,negate_ability,opponent,1,duel,,defending; negate_ability,C4,C4,,
Lorelei,Sallos,Kurt,IV,5,Attack,Switch to being the defender,on_attack,,,switch_to_defender,self,1,duel,,switch_to_defender,C4,C4,"Switch to defender: the duel flips (you defend, they attack) - and does the BALL then stay with whoever wins as normal? (Read: yes, the ball follows the winner as always.)",
Lorelei,Sallos,Kurt,IV,5,Defend,If Defending: Incease the enemy goalie miss by 5%,on_defend,defending,,goalie_chance,enemy_goalie,5,round,,defending; goalie_chance,C3,C3,,
Rauhnacht-Feuergeister,Buer,Claudia,I,0,Attack,Give the next Tier fire ally a burn counter,on_attack,,,add_counter:burn,next_tier_ally:fire,1,match,,add_counter; next_tier_ally,C2,C2,"""Next"": the next card of that kind to DUEL - later this round, and into the next round if this was Tier IV? (Read that way.)",
Rauhnacht-Feuergeister,Buer,Claudia,I,0,Defend,Give the next Tier fire ally a burn counter,on_defend,,,add_counter:burn,next_tier_ally:fire,1,match,,add_counter; next_tier_ally,C2,C2,"""Next"": the next card of that kind to DUEL - later this round, and into the next round if this was Tier IV? (Read that way.)",
Rauhnacht-Feuergeister,Buer,Jürgen,I,1,Attack,Give the next Tier fire ally a burn counter,on_attack,,,add_counter:burn,next_tier_ally:fire,1,match,,add_counter; next_tier_ally,C2,C2,"""Next"": the next card of that kind to DUEL - later this round, and into the next round if this was Tier IV? (Read that way.)",
Rauhnacht-Feuergeister,Buer,Jürgen,I,1,Defend,If this has a burn counter: Remove a counter,on_defend,has_counter:burn,,remove_counter,self,1,match,,has_counter; remove_counter,C2,C2,,
Rauhnacht-Feuergeister,Buer,Philipp,I,2,Attack,If this has a burn counter: deal +1 damage during combat,on_attack,has_counter:burn,,add_power,self,1,duel,,has_counter,C2,C2,"""+1 damage during combat"": the same as +1 power for this duel? (Read that way.)",
Rauhnacht-Feuergeister,Buer,Philipp,I,2,Defend,Give the next Tier fire ally a burn counter,on_defend,,,add_counter:burn,next_tier_ally:fire,1,match,,add_counter; next_tier_ally,C2,C2,"""Next"": the next card of that kind to DUEL - later this round, and into the next round if this was Tier IV? (Read that way.)",
Rauhnacht-Feuergeister,Buer,Simon,II,1,Attack,If this has a burn counter: deal +1 damage during combat,on_attack,has_counter:burn,,add_power,self,1,duel,,has_counter,C2,C2,"""+1 damage during combat"": the same as +1 power for this duel? (Read that way.)",
Rauhnacht-Feuergeister,Buer,Simon,II,1,Defend,If this has a burn counter: Remove a counter,on_defend,has_counter:burn,,remove_counter,self,1,match,,has_counter; remove_counter,C2,C2,,
Rauhnacht-Feuergeister,Buer,Korbinian,II,2,Attack,If this has a burn counter: deal 1 damage to the enemy goalie,on_attack,has_counter:burn,,drain_stamina,enemy_goalie,1,now,,has_counter,C2,C2,,
Rauhnacht-Feuergeister,Buer,Korbinian,II,2,Defend,Give the next Tier fire ally a burn counter,on_defend,,,add_counter:burn,next_tier_ally:fire,1,match,,add_counter; next_tier_ally,C2,C2,"""Next"": the next card of that kind to DUEL - later this round, and into the next round if this was Tier IV? (Read that way.)",
Rauhnacht-Feuergeister,Buer,Toni,II,3,Attack,Give the next Tier fire ally a burn counter,on_attack,,,add_counter:burn,next_tier_ally:fire,1,match,,add_counter; next_tier_ally,C2,C2,"""Next"": the next card of that kind to DUEL - later this round, and into the next round if this was Tier IV? (Read that way.)",
Rauhnacht-Feuergeister,Buer,Toni,II,3,Defend,If this has a burn counter: Remove a counter,on_defend,has_counter:burn,,remove_counter,self,1,match,,has_counter; remove_counter,C2,C2,,
Rauhnacht-Feuergeister,Buer,Wolfgang,III,2,Attack,If this has a burn counter: deal +1 damage during combat,on_attack,has_counter:burn,,add_power,self,1,duel,,has_counter,C2,C2,"""+1 damage during combat"": the same as +1 power for this duel? (Read that way.)",
Rauhnacht-Feuergeister,Buer,Wolfgang,III,2,Defend,If this has a burn counter: Remove a counter,on_defend,has_counter:burn,,remove_counter,self,1,match,,has_counter; remove_counter,C2,C2,,
Rauhnacht-Feuergeister,Buer,Otto,III,3,Attack,Give the next Tier fire ally a burn counter,on_attack,,,add_counter:burn,next_tier_ally:fire,1,match,,add_counter; next_tier_ally,C2,C2,"""Next"": the next card of that kind to DUEL - later this round, and into the next round if this was Tier IV? (Read that way.)",
Rauhnacht-Feuergeister,Buer,Otto,III,3,Defend,If this has a burn counter: deal +1 damage during combat,on_defend,has_counter:burn,,add_power,self,1,duel,,has_counter,C2,C2,"""+1 damage during combat"": the same as +1 power for this duel? (Read that way.)",
Rauhnacht-Feuergeister,Buer,René,III,4,Attack,If this has a burn counter: Negate the enemy ability,on_attack,has_counter:burn,,negate_ability,opponent,1,duel,,has_counter; negate_ability,C4,C4,,
Rauhnacht-Feuergeister,Buer,René,III,4,Defend,Give the next Tier fire ally a burn counter,on_defend,,,add_counter:burn,next_tier_ally:fire,1,match,,add_counter; next_tier_ally,C2,C2,"""Next"": the next card of that kind to DUEL - later this round, and into the next round if this was Tier IV? (Read that way.)",
Rauhnacht-Feuergeister,Flauros,Jonas,I,0,Attack,Can be fused. This unit fuses itself with a Tier III fire unit  from outside of the game,on_attack,,,fuse | fused,self | self,1 | 1,match | match,,fuse; fused,C6,C6,"""Outside of the game"": the bench (the 18 not fielded)? And does the fused card keep its own name? (Read as the bench; the fused card keeps this card's name.)",
Rauhnacht-Feuergeister,Flauros,Jonas,I,0,Defend,Can be fused. This unit fuses itself with a Tier III fire unit  from outside of the game,on_defend,,,fuse | fused,self | self,1 | 1,match | match,,fuse; fused,C6,C6,"""Outside of the game"": the bench (the 18 not fielded)? And does the fused card keep its own name? (Read as the bench; the fused card keeps this card's name.)",
Rauhnacht-Feuergeister,Flauros,Paul,I,1,Attack,Can be fused. This unit fuses itself with a Tier II fire unit  from outside of the game,on_attack,,,fuse | fused,self | self,1 | 1,match | match,,fuse; fused,C6,C6,"""Outside of the game"": the bench (the 18 not fielded)? And does the fused card keep its own name? (Read as the bench; the fused card keeps this card's name.)",
Rauhnacht-Feuergeister,Flauros,Paul,I,1,Defend,Can be fused. This unit fuses itself with a Tier II fire unit  from outside of the game,on_defend,,,fuse | fused,self | self,1 | 1,match | match,,fuse; fused,C6,C6,"""Outside of the game"": the bench (the 18 not fielded)? And does the fused card keep its own name? (Read as the bench; the fused card keeps this card's name.)",
Rauhnacht-Feuergeister,Flauros,Quirin,I,2,Attack,Can be fused. This unit fuses itself with a Tier I fire unit  from outside of the game,on_attack,,,fuse | fused,self | self,1 | 1,match | match,,fuse; fused,C6,C6,"""Outside of the game"": the bench (the 18 not fielded)? And does the fused card keep its own name? (Read as the bench; the fused card keeps this card's name.)",
Rauhnacht-Feuergeister,Flauros,Quirin,I,2,Defend,Can be fused. This unit fuses itself with a Tier I fire unit  from outside of the game,on_defend,,,fuse | fused,self | self,1 | 1,match | match,,fuse; fused,C6,C6,"""Outside of the game"": the bench (the 18 not fielded)? And does the fused card keep its own name? (Read as the bench; the fused card keeps this card's name.)",
Rauhnacht-Feuergeister,Flauros,Katharina,II,1,Attack,Can be fused. Give this unit +1 attack during combat if fused with another,on_attack,fused,,add_power | fused,self | self,1 | 1,duel | match,,fused,C6,C6,"""Attack power during combat"": the power the card FIGHTS with in that combat, whichever side it is on - so a -1 to a DEFENDING enemy still bites? (Read that way.)",
Rauhnacht-Feuergeister,Flauros,Katharina,II,1,Defend,Can be fused. Give this unit +1 during combat if fused with another,on_defend,fused,,add_power | fused,self | self,1 | 1,duel | match,,fused,C6,C6,,
Rauhnacht-Feuergeister,Flauros,Julian,II,2,Attack,Give the next fire ally +1 damage during combat,on_attack,,,add_power,next_ally:fire,1,duel,,next_ally,C1,C1,"""Next"": the next card of that kind to DUEL - later this round, and into the next round if this was Tier IV? (Read that way.) ""+1 damage during combat"": the same as +1 power for this duel? (Read that way.)",
Rauhnacht-Feuergeister,Flauros,Julian,II,2,Defend,Give the next enemy -1 during combat,on_defend,,,add_power,next_enemy,-1,duel,,next_enemy,C1,C1,"""Next"": the next card of that kind to DUEL - later this round, and into the next round if this was Tier IV? (Read that way.)",
Rauhnacht-Feuergeister,Flauros,Tim,II,3,Attack,Give the next enemy -1 during combat,on_attack,,,add_power,next_enemy,-1,duel,,next_enemy,C1,C1,"""Next"": the next card of that kind to DUEL - later this round, and into the next round if this was Tier IV? (Read that way.)",
Rauhnacht-Feuergeister,Flauros,Tim,II,3,Defend,Give the next fire ally +1 during combat,on_defend,,,add_power,next_ally:fire,1,duel,,next_ally,C1,C1,"""Next"": the next card of that kind to DUEL - later this round, and into the next round if this was Tier IV? (Read that way.)",
Rauhnacht-Feuergeister,Flauros,Albert,III,2,Attack,Can be fused. Give the next fire ally +1 damage during combat,on_attack,,,add_power | fused,next_ally:fire | self,1 | 1,duel | match,,fused; next_ally,C6,C6,"""Next"": the next card of that kind to DUEL - later this round, and into the next round if this was Tier IV? (Read that way.) ""+1 damage during combat"": the same as +1 power for this duel? (Read that way.)",
Rauhnacht-Feuergeister,Flauros,Albert,III,2,Defend,Can be fused. Give the next fire ally +1 damage during combat,on_defend,,,add_power | fused,next_ally:fire | self,1 | 1,duel | match,,fused; next_ally,C6,C6,"""Next"": the next card of that kind to DUEL - later this round, and into the next round if this was Tier IV? (Read that way.) ""+1 damage during combat"": the same as +1 power for this duel? (Read that way.)",
Rauhnacht-Feuergeister,Flauros,Stefan,III,3,Attack,Give the next enemy -1 during combat,on_attack,,,add_power,next_enemy,-1,duel,,next_enemy,C1,C1,"""Next"": the next card of that kind to DUEL - later this round, and into the next round if this was Tier IV? (Read that way.)",
Rauhnacht-Feuergeister,Flauros,Stefan,III,3,Defend,Give the next fire ally +1 during combat,on_defend,,,add_power,next_ally:fire,1,duel,,next_ally,C1,C1,"""Next"": the next card of that kind to DUEL - later this round, and into the next round if this was Tier IV? (Read that way.)",
Rauhnacht-Feuergeister,Flauros,Petra,III,4,Attack,Give the next fire ally +1 during combat,on_attack,,,add_power,next_ally:fire,1,duel,,next_ally,C1,C1,"""Next"": the next card of that kind to DUEL - later this round, and into the next round if this was Tier IV? (Read that way.)",
Rauhnacht-Feuergeister,Flauros,Petra,III,4,Defend,Give the next enemy -1 during combat,on_defend,,,add_power,next_enemy,-1,duel,,next_enemy,C1,C1,"""Next"": the next card of that kind to DUEL - later this round, and into the next round if this was Tier IV? (Read that way.)",
Rauhnacht-Feuergeister,Belphegor,Fritz,I,0,Attack,Give this unit +1 power during combat. If this wins: Give this unit -1 power counter.,on_attack | on_win_duel,,,add_power | add_counter:power,self | self,1 | -1,duel | match,,add_counter,C2,C2,,
Rauhnacht-Feuergeister,Belphegor,Fritz,I,0,Defend,Give this unit +1 power during combat. If this wins: Give this unit -1 power counter.,on_defend | on_win_duel,,,add_power | add_counter:power,self | self,1 | -1,duel | match,,add_counter,C2,C2,,
Rauhnacht-Feuergeister,Belphegor,Vitus,I,1,Attack,Give this unit +1 power during combat. If this wins: Give this unit -1 power counter.,on_attack | on_win_duel,,,add_power | add_counter:power,self | self,1 | -1,duel | match,,add_counter,C2,C2,,
Rauhnacht-Feuergeister,Belphegor,Vitus,I,1,Defend,If this wins: Give your goalie 1 stamina,on_win_duel,,,restore_stamina,own_goalie,1,now,,,,works today,,
Rauhnacht-Feuergeister,Belphegor,Niklas,I,2,Attack,If this wins: Deal 1 damage to the enemy goalie,on_win_duel,,,drain_stamina,enemy_goalie,1,now,,,,works today,,
Rauhnacht-Feuergeister,Belphegor,Niklas,I,2,Defend,Give this unit +1 power during combat. If this wins: Give this unit -1 power counter.,on_defend | on_win_duel,,,add_power | add_counter:power,self | self,1 | -1,duel | match,,add_counter,C2,C2,,
Rauhnacht-Feuergeister,Belphegor,Heinrich,II,1,Attack,If this wins: Give the next ally unit +1 power during combat,on_win_duel,,,add_power,next_ally,1,duel,,next_ally,C1,C1,"""Next"": the next card of that kind to DUEL - later this round, and into the next round if this was Tier IV? (Read that way.)",
Rauhnacht-Feuergeister,Belphegor,Heinrich,II,1,Defend,Give this unit +1 power during combat. If this wins: Give this unit -1 power counter.,on_defend | on_win_duel,,,add_power | add_counter:power,self | self,1 | -1,duel | match,,add_counter,C2,C2,,
Rauhnacht-Feuergeister,Belphegor,Henrik,II,2,Attack,Give this unit +1 power during combat. If this wins: Give this unit -1 power counter.,on_attack | on_win_duel,,,add_power | add_counter:power,self | self,1 | -1,duel | match,,add_counter,C2,C2,,
Rauhnacht-Feuergeister,Belphegor,Henrik,II,2,Defend,If this wins: Deal 1 damage to the enemy goalie,on_win_duel,,,drain_stamina,enemy_goalie,1,now,,,,works today,,
Rauhnacht-Feuergeister,Belphegor,Timo,II,3,Attack,If this wins: Add +1 power to the damage collection,on_win_duel,,,add_shot_power,self,1,round,,,,works today,,
Rauhnacht-Feuergeister,Belphegor,Timo,II,3,Defend,If this wins: Give the next ally unit +1 power during combat,on_win_duel,,,add_power,next_ally,1,duel,,next_ally,C1,C1,"""Next"": the next card of that kind to DUEL - later this round, and into the next round if this was Tier IV? (Read that way.)",
Rauhnacht-Feuergeister,Belphegor,Kilian,III,2,Attack,Give this unit +1 power during combat. If this wins: Give this unit -1 power counter.,on_attack | on_win_duel,,,add_power | add_counter:power,self | self,1 | -1,duel | match,,add_counter,C2,C2,,
Rauhnacht-Feuergeister,Belphegor,Kilian,III,2,Defend,If this wins: Add +1 power to the damage collection,on_win_duel,,,add_shot_power,self,1,round,,,,works today,,
Rauhnacht-Feuergeister,Belphegor,Elisabeth,III,3,Attack,If this wins: Add +1 power to the damage collection,on_win_duel,,,add_shot_power,self,1,round,,,,works today,,
Rauhnacht-Feuergeister,Belphegor,Elisabeth,III,3,Defend,Give this unit +1 power during combat. If this wins: Give this unit -1 power counter.,on_defend | on_win_duel,,,add_power | add_counter:power,self | self,1 | -1,duel | match,,add_counter,C2,C2,,
Rauhnacht-Feuergeister,Belphegor,Frieda,III,4,Attack,If this wins: Give the next ally unit +1 power during combat,on_win_duel,,,add_power,next_ally,1,duel,,next_ally,C1,C1,"""Next"": the next card of that kind to DUEL - later this round, and into the next round if this was Tier IV? (Read that way.)",
Rauhnacht-Feuergeister,Belphegor,Frieda,III,4,Defend,If this wins: Add +1 power to the damage collection,on_win_duel,,,add_shot_power,self,1,round,,,,works today,,
Unkengeister,Vassago,Ralf,I,0,Attack,While in Exhaust: Swap this Unit with another Tier I during combat and give this +1 power during combat (once per cycle),while_in_exhaust,,,add_power | swap_in_tier,self | self,1 | 1,duel | duel,1/cycle,while_in_exhaust; swap_in_tier; once_per_cycle,C5,C5,"Once per cycle per card, or once per cycle per side? (Read as per card.) Swap with ANOTHER Tier I: one of yours from the field, from the exhaust zone, or the enemy's? (Read as one of YOUR Tier I cards still on the field.)",
Unkengeister,Vassago,Ralf,I,0,Defend,While in Exhaust: Swap this Unit with another Tier I during combat and give this +2 power during combat (once per cycle),while_in_exhaust,,,add_power | swap_in_tier,self | self,2 | 1,duel | duel,1/cycle,while_in_exhaust; swap_in_tier; once_per_cycle,C5,C5,"Once per cycle per card, or once per cycle per side? (Read as per card.) Swap with ANOTHER Tier I: one of yours from the field, from the exhaust zone, or the enemy's? (Read as one of YOUR Tier I cards still on the field.)",
Unkengeister,Vassago,Peter,I,1,Attack,While in Exhaust: Swap this Unit with another Tier I during combat and give the enemy unit -1 power during combat (once per cycle),while_in_exhaust,,,add_power | swap_in_tier,opponent | self,-1 | 1,duel | duel,1/cycle,while_in_exhaust; swap_in_tier; once_per_cycle,C5,C5,"Once per cycle per card, or once per cycle per side? (Read as per card.) Swap with ANOTHER Tier I: one of yours from the field, from the exhaust zone, or the enemy's? (Read as one of YOUR Tier I cards still on the field.)",
Unkengeister,Vassago,Peter,I,1,Defend,While in Exhaust: Swap this Unit with another Tier I during combat and give the enemy unit deal 1 damage to the enemy goalie (once per cycle),while_in_exhaust,,,drain_stamina | swap_in_tier,enemy_goalie | self,1 | 1,now | duel,1/cycle,while_in_exhaust; swap_in_tier; once_per_cycle,C5,C5,"Once per cycle per card, or once per cycle per side? (Read as per card.) Swap with ANOTHER Tier I: one of yours from the field, from the exhaust zone, or the enemy's? (Read as one of YOUR Tier I cards still on the field.)",
Unkengeister,Vassago,Franz,I,2,Attack,While in Exhaust: Swap this Unit with another Tier I during combat. If it was an air unit give the next air unit +1 power during combat (once per cycle),while_in_exhaust,swapped_was:air,,swap_in_tier,self,1,duel,1/cycle,while_in_exhaust; swapped_was; swap_in_tier; once_per_cycle,C5,C5,"""Next"": the next card of that kind to DUEL - later this round, and into the next round if this was Tier IV? (Read that way.) Once per cycle per card, or once per cycle per side? (Read as per card.) Swap with ANOTHER Tier I: one of yours from the field, from the exhaust zone, or the enemy's? (Read as one of YOUR Tier I cards still on the field.)",
Unkengeister,Vassago,Franz,I,2,Defend,While in Exhaust: Swap this Unit with another Tier I during combat. If it was an air unit give the next air unit +1 power during combat (once per cycle),while_in_exhaust,swapped_was:air,,swap_in_tier,self,1,duel,1/cycle,while_in_exhaust; swapped_was; swap_in_tier; once_per_cycle,C5,C5,"""Next"": the next card of that kind to DUEL - later this round, and into the next round if this was Tier IV? (Read that way.) Once per cycle per card, or once per cycle per side? (Read as per card.) Swap with ANOTHER Tier I: one of yours from the field, from the exhaust zone, or the enemy's? (Read as one of YOUR Tier I cards still on the field.)",
Unkengeister,Vassago,Carsten,III,2,Attack,While in Exhaust: add +1 to the enemy yellow card bar (once per cycle),while_in_exhaust,,,foul_heat,all_enemies,1,match,1/cycle,while_in_exhaust; foul_heat; once_per_cycle,C3,C3,"Once per cycle per card, or once per cycle per side? (Read as per card.) +1 to the yellow card bar: one whole SEGMENT of the referee's bar, or one Fill Per Trigger? (Read as one segment.)",
Unkengeister,Vassago,Carsten,III,2,Defend,While in Exhaust: add +1 to the enemy yellow card bar (once per cycle),while_in_exhaust,,,foul_heat,all_enemies,1,match,1/cycle,while_in_exhaust; foul_heat; once_per_cycle,C3,C3,"Once per cycle per card, or once per cycle per side? (Read as per card.) +1 to the yellow card bar: one whole SEGMENT of the referee's bar, or one Fill Per Trigger? (Read as one segment.)",
Unkengeister,Vassago,Theresa,III,3,Attack,While in Exhaust: Swap the next enemy unit power with this one (once per cycle),while_in_exhaust,,,swap_power,next_enemy,1,duel,1/cycle,while_in_exhaust; swap_power; next_enemy; once_per_cycle,C4,C4,"""Next"": the next card of that kind to DUEL - later this round, and into the next round if this was Tier IV? (Read that way.) Once per cycle per card, or once per cycle per side? (Read as per card.)",
Unkengeister,Vassago,Theresa,III,3,Defend,While in Exhaust: Swap the next enemy unit power with this one (once per cycle),while_in_exhaust,,,swap_power,next_enemy,1,duel,1/cycle,while_in_exhaust; swap_power; next_enemy; once_per_cycle,C4,C4,"""Next"": the next card of that kind to DUEL - later this round, and into the next round if this was Tier IV? (Read that way.) Once per cycle per card, or once per cycle per side? (Read as per card.)",
Unkengeister,Vassago,Gertrud,III,4,Attack,While in Exhaust: Change enemy priority by -1 (once per cycle),while_in_exhaust,,,change_priority,opponent,-1,duel,1/cycle,while_in_exhaust; change_priority; once_per_cycle,C4,C4,"Once per cycle per card, or once per cycle per side? (Read as per card.)",
Unkengeister,Vassago,Gertrud,III,4,Defend,While in Exhaust: Change enemy priority by -1 (once per cycle),while_in_exhaust,,,change_priority,opponent,-1,duel,1/cycle,while_in_exhaust; change_priority; once_per_cycle,C4,C4,"Once per cycle per card, or once per cycle per side? (Read as per card.)",
Unkengeister,Vassago,Jan,IV,3,Attack,If sent to Exhaust: Send a different Tier IV to the Exhaust zone and return this to the stack (if possible),contemplation,,,exhaust_other_return,next_self,1,duel,,contemplation; exhaust_other_return; next_self,C5,C5,Exile vs Exhaust: exhausted cards come back at the end of the cycle; exiled ones only when a rule says so. Is that right? (Read that way.),
Unkengeister,Vassago,Jan,IV,3,Defend,If sent to Exhaust: add +1 to the enemy yellow card bar,contemplation,,,foul_heat,all_enemies,1,match,,contemplation; foul_heat,C3,C3,"+1 to the yellow card bar: one whole SEGMENT of the referee's bar, or one Fill Per Trigger? (Read as one segment.)",
Unkengeister,Vassago,Konstantin,IV,4,Attack,If sent to Exhaust: Increase enemy goalie % of missing by 5%,contemplation,,,goalie_chance,enemy_goalie,5,round,,contemplation; goalie_chance,C3,C3,,
Unkengeister,Vassago,Konstantin,IV,4,Defend,If sent to Exhaust: Increase enemy % of committing a foul by 5%,contemplation,,,foul_chance,all_enemies,5,round,,contemplation; foul_chance,C3,C3,,
Unkengeister,Vassago,Silke,IV,5,Attack,If sent to Exhaust: Decrease goalie % of missing by -8%,contemplation,,,goalie_chance,own_goalie,-8,round,,contemplation; goalie_chance,C3,C3,,
Unkengeister,Vassago,Silke,IV,5,Defend,If sent to Exhaust: Send a different Tier IV to the Exhaust zone and return this to the stack (if possible),contemplation,,,exhaust_other_return,next_self,1,duel,,contemplation; exhaust_other_return; next_self,C5,C5,Exile vs Exhaust: exhausted cards come back at the end of the cycle; exiled ones only when a rule says so. Is that right? (Read that way.),
Unkengeister,Glasya-Labolas,Finn,I,0,Attack,"If this touched the ball: Apply ""cold touch"" on the ball and enemy deals -2 power during combat",on_attack,touched_ball,,add_power | cold_touch,opponent | ball,-2 | 1,duel | round,,touched_ball; cold_touch,C6,C6,"""Touched the ball"": held it at any point in open play since the last PLAY MAKER? (Read that way.)",
Unkengeister,Glasya-Labolas,Finn,I,0,Defend,"If this touched the ball: Apply ""cold touch"" on the ball and enemy deals -2 power during combat",on_defend,touched_ball,,add_power | cold_touch,opponent | ball,-2 | 1,duel | round,,touched_ball; cold_touch,C6,C6,"""Touched the ball"": held it at any point in open play since the last PLAY MAKER? (Read that way.)",
Unkengeister,Glasya-Labolas,Veronika,I,1,Attack,"If this touched the ball: Apply ""cold touch"" on the ball and enemy deals -1 power during combat",on_attack,touched_ball,,add_power | cold_touch,opponent | ball,-1 | 1,duel | round,,touched_ball; cold_touch,C6,C6,"""Touched the ball"": held it at any point in open play since the last PLAY MAKER? (Read that way.)",
Unkengeister,Glasya-Labolas,Veronika,I,1,Defend,"If this touched the ball: Apply ""cold touch"" on the ball and enemy deals -1 power during combat",on_defend,touched_ball,,add_power | cold_touch,opponent | ball,-1 | 1,duel | round,,touched_ball; cold_touch,C6,C6,"""Touched the ball"": held it at any point in open play since the last PLAY MAKER? (Read that way.)",
Unkengeister,Glasya-Labolas,David,I,2,Attack,"If this touched the ball: Apply ""cold touch"" on the ball and enemy goalie takes 1 damage",on_attack,touched_ball,,drain_stamina | cold_touch,enemy_goalie | ball,1 | 1,now | round,,touched_ball; cold_touch,C6,C6,"""Touched the ball"": held it at any point in open play since the last PLAY MAKER? (Read that way.)",
Unkengeister,Glasya-Labolas,David,I,2,Defend,"If this touched the ball: Apply ""cold touch"" on the ball and enemy goalie takes 1 damage",on_defend,touched_ball,,drain_stamina | cold_touch,enemy_goalie | ball,1 | 1,now | round,,touched_ball; cold_touch,C6,C6,"""Touched the ball"": held it at any point in open play since the last PLAY MAKER? (Read that way.)",
Unkengeister,Glasya-Labolas,Marie,III,2,Attack,"If this touched the ball before ""PLAY MAKER"": Apply ""cold touch"" on the ball and swap this unit with another of same tier from the void",on_attack,touched_before_playmaker;touched_ball,,swap_from_void | cold_touch,self | ball,1 | 1,duel | round,,touched_before_playmaker; touched_ball; swap_from_void; cold_touch,C6,C6,"""The void"": the 18 cards NOT in the match (your bench), or the Exile zone? (Read as the bench.) ""Touched the ball"": held it at any point in open play since the last PLAY MAKER? (Read that way.)",
Unkengeister,Glasya-Labolas,Marie,III,2,Defend,"If this touched the ball before ""PLAY MAKER"": Apply ""cold touch"" on the ball and swap the enemy unit power with this one",on_defend,touched_before_playmaker;touched_ball,,swap_power | cold_touch,opponent | ball,1 | 1,duel | round,,touched_before_playmaker; touched_ball; swap_power; cold_touch,C6,C6,"""Touched the ball"": held it at any point in open play since the last PLAY MAKER? (Read that way.)",
Unkengeister,Glasya-Labolas,Daniel,III,3,Attack,"If this touched the ball before ""PLAY MAKER"": Apply ""cold touch"" on the ball and add +1 to the enemy yellow card bar",on_attack,touched_before_playmaker;touched_ball,,foul_heat | cold_touch,all_enemies | ball,1 | 1,match | round,,touched_before_playmaker; touched_ball; foul_heat; cold_touch,C6,C6,"+1 to the yellow card bar: one whole SEGMENT of the referee's bar, or one Fill Per Trigger? (Read as one segment.) ""Touched the ball"": held it at any point in open play since the last PLAY MAKER? (Read that way.)",
Unkengeister,Glasya-Labolas,Daniel,III,3,Defend,"If this touched the ball before ""PLAY MAKER"": Apply ""cold touch"" on the ball and the enemy has to use their attack ability",on_defend,touched_before_playmaker;touched_ball,,force_ability:attack | cold_touch,opponent | ball,1 | 1,duel | round,,touched_before_playmaker; touched_ball; force_ability; cold_touch,C6,C6,"""Touched the ball"": held it at any point in open play since the last PLAY MAKER? (Read that way.)",
Unkengeister,Glasya-Labolas,Susanne,III,4,Attack,"If this touched the ball before ""PLAY MAKER"": Apply ""cold touch"" on the ball and swap the enemy unit power with this one",on_attack,touched_before_playmaker;touched_ball,,swap_power | cold_touch,opponent | ball,1 | 1,duel | round,,touched_before_playmaker; touched_ball; swap_power; cold_touch,C6,C6,"""Touched the ball"": held it at any point in open play since the last PLAY MAKER? (Read that way.)",
Unkengeister,Glasya-Labolas,Susanne,III,4,Defend,"If this touched the ball before ""PLAY MAKER"": Apply ""cold touch"" on the ball and swap this unit with another of same tier from the void",on_defend,touched_before_playmaker;touched_ball,,swap_from_void | cold_touch,self | ball,1 | 1,duel | round,,touched_before_playmaker; touched_ball; swap_from_void; cold_touch,C6,C6,"""The void"": the 18 cards NOT in the match (your bench), or the Exile zone? (Read as the bench.) ""Touched the ball"": held it at any point in open play since the last PLAY MAKER? (Read that way.)",
Unkengeister,Glasya-Labolas,Noah,IV,3,Attack,"If this touched the ball before ""PLAY MAKER"": Apply ""cold touch"" on the ball and Send a different Tier IV to the Exhaust zone and return this to the stack (if possible)",on_attack,touched_before_playmaker;touched_ball,,exhaust_other_return | cold_touch,self | ball,1 | 1,duel | round,,touched_before_playmaker; touched_ball; exhaust_other_return; cold_touch,C6,C6,"""Touched the ball"": held it at any point in open play since the last PLAY MAKER? (Read that way.) Exile vs Exhaust: exhausted cards come back at the end of the cycle; exiled ones only when a rule says so. Is that right? (Read that way.)",
Unkengeister,Glasya-Labolas,Noah,IV,3,Defend,"If this touched the ball before ""PLAY MAKER"": Apply ""cold touch"" on the ball and change the enemy priority by -1",on_defend,touched_before_playmaker;touched_ball,,change_priority | cold_touch,opponent | ball,-1 | 1,duel | round,,touched_before_playmaker; touched_ball; change_priority; cold_touch,C6,C6,"""Touched the ball"": held it at any point in open play since the last PLAY MAKER? (Read that way.)",
Unkengeister,Glasya-Labolas,Sophie,IV,4,Attack,"If this touched the ball before ""PLAY MAKER"": Apply ""cold touch"" on the ball and swap this unit with another of same tier from the void",on_attack,touched_before_playmaker;touched_ball,,swap_from_void | cold_touch,self | ball,1 | 1,duel | round,,touched_before_playmaker; touched_ball; swap_from_void; cold_touch,C6,C6,"""The void"": the 18 cards NOT in the match (your bench), or the Exile zone? (Read as the bench.) ""Touched the ball"": held it at any point in open play since the last PLAY MAKER? (Read that way.)",
Unkengeister,Glasya-Labolas,Sophie,IV,4,Defend,"If this touched the ball before ""PLAY MAKER"": Apply ""cold touch"" on the ball and increase enemy % of committing a foul",on_defend,touched_before_playmaker;touched_ball,,cold_touch,ball,1,round,,touched_before_playmaker; touched_ball; cold_touch,C6,C6,"By how much? No number is written. (Read as +10% for the round.) ""Touched the ball"": held it at any point in open play since the last PLAY MAKER? (Read that way.)",
Unkengeister,Glasya-Labolas,Emma,IV,5,Attack,"If this touched the ball before ""PLAY MAKER"": Apply ""cold touch"" on the ball and enemy has to use their attack ability",on_attack,touched_before_playmaker;touched_ball,,force_ability:attack | cold_touch,opponent | ball,1 | 1,duel | round,,touched_before_playmaker; touched_ball; force_ability; cold_touch,C6,C6,"""Touched the ball"": held it at any point in open play since the last PLAY MAKER? (Read that way.)",
Unkengeister,Glasya-Labolas,Emma,IV,5,Defend,"If this touched the ball before ""PLAY MAKER"": Apply ""cold touch"" on the ball and swap the enemy unit power with this one",on_defend,touched_before_playmaker;touched_ball,,swap_power | cold_touch,opponent | ball,1 | 1,duel | round,,touched_before_playmaker; touched_ball; swap_power; cold_touch,C6,C6,"""Touched the ball"": held it at any point in open play since the last PLAY MAKER? (Read that way.)",
Unkengeister,Caim,Friedrich,I,0,Attack,If this loses: Summon a gravestone on the field,on_lose_duel,,,gravestone,field,1,match,,gravestone,C6,C6,,
Unkengeister,Caim,Friedrich,I,0,Defend,If this loses: Summon a gravestone on the field,on_lose_duel,,,gravestone,field,1,match,,gravestone,C6,C6,,
Unkengeister,Caim,Valentin,I,1,Attack,If this wins: Summon a gravestone on the field,on_win_duel,,,gravestone,field,1,match,,gravestone,C6,C6,,
Unkengeister,Caim,Valentin,I,1,Defend,If this wins: Summon a gravestone on the field,on_win_duel,,,gravestone,field,1,match,,gravestone,C6,C6,,
Unkengeister,Caim,Ernst,I,2,Attack,If this has a counter on it: Summon a gravestone on the field,on_attack,has_counter,,gravestone,field,1,match,,has_counter; gravestone,C6,C6,,
Unkengeister,Caim,Ernst,I,2,Defend,If this has a counter on it: Summon a gravestone on the field,on_defend,has_counter,,gravestone,field,1,match,,has_counter; gravestone,C6,C6,,
Unkengeister,Caim,Hannes,III,2,Attack,If the enemy deals less damage than their base power: Summon a gravestoneon the field,on_attack,enemy_below_base,,gravestone,field,1,match,,enemy_below_base; gravestone,C6,C6,,
Unkengeister,Caim,Hannes,III,2,Defend,If the enemy deals less damage than their base power: Summon a gravestron on the field,on_defend,enemy_below_base,,gravestone,field,1,match,,enemy_below_base; gravestone,C6,C6,,
Unkengeister,Caim,Greta,III,3,Attack,If your goalie has less stamina than the enemy goalie: Summon a gravestone on the field,on_attack,own_goalie_lower,,gravestone,field,1,match,,own_goalie_lower; gravestone,C6,C6,,
Unkengeister,Caim,Greta,III,3,Defend,If your goalie has less stamina than the enemy goalie: Summon a gravestone on the field,on_defend,own_goalie_lower,,gravestone,field,1,match,,own_goalie_lower; gravestone,C6,C6,,
Unkengeister,Caim,Birgit,III,4,Attack,If your last unit won combat: Summon a gravestone on the field,on_attack,last_ally_won,,gravestone,field,1,match,,last_ally_won; gravestone,C6,C6,,
Unkengeister,Caim,Birgit,III,4,Defend,If your last unit won combat: Summon a gravestone on the field,on_defend,last_ally_won,,gravestone,field,1,match,,last_ally_won; gravestone,C6,C6,,
Unkengeister,Caim,Xaver,IV,3,Attack,If the enemy isn't air: Summon a gravestone on the field,on_attack,enemy_not_element:air,,gravestone,field,1,match,,enemy_not_element; gravestone,C6,C6,,
Unkengeister,Caim,Xaver,IV,3,Defend,If the enemy isn't air: Summon a gravestone on the field,on_defend,enemy_not_element:air,,gravestone,field,1,match,,enemy_not_element; gravestone,C6,C6,,
Unkengeister,Caim,Patrick,IV,4,Attack,If the enemy unit has a counter on it: Summon a gravestone on the field,on_attack,enemy_has_counter,,gravestone,field,1,match,,enemy_has_counter; gravestone,C6,C6,,
Unkengeister,Caim,Patrick,IV,4,Defend,If the enemy unit has a counter on it: Summon a gravestone on the field,on_defend,enemy_has_counter,,gravestone,field,1,match,,enemy_has_counter; gravestone,C6,C6,,
Unkengeister,Caim,Oskar,IV,5,Attack,If your last unit lost combat: Summon a gravestone on the field,on_attack,last_ally_lost,,gravestone,field,1,match,,last_ally_lost; gravestone,C6,C6,,
Unkengeister,Caim,Oskar,IV,5,Defend,If your last unit lost combat: Summon a gravestone on the field,on_defend,last_ally_lost,,gravestone,field,1,match,,last_ally_lost; gravestone,C6,C6,,
Lorelei,,Gremory,II,1,Star Front Side,If you control 4 tokens: Deal +2 damage during combat,on_duel_start,tokens_at_least:4,,add_power,self,2,duel,,tokens_at_least,C2,C2,"""+1 damage during combat"": the same as +1 power for this duel? (Read that way.)",
Lorelei,,Gremory,II,1,Star Ultimate Side,"You Basic Emblem is still active and usable. Instead of only applying to Tier I units, now all Tier Units can be replaced by Rose Units. Each Rose Unit in the Exhaust Zone adds to the total damage when damage is dealt to the enemy goalie. After a goal remove all Rose Units and return the previous Units that were traded in.",,,,(system),,,,,star_ultimate,C8,C8 system,,
Lorelei,,Zepar,II,2,Star Front Side,Reveal: Deal +1 damage during combat,reveal,,,add_power,next_self,1,duel,,next_self,C1,C1,"""+1 damage during combat"": the same as +1 power for this duel? (Read that way.)",
Lorelei,,Zepar,II,2,Star Ultimate Side,"You Basic Emblem is still active and usable. When a Swan Unit attacks an enemy Unit, transform it into a Swan Unit as well, it loses all other creature types during combat. Give the enemy unit -2 Power during combat.",,,,add_power,opponent,-2,duel,,star_ultimate,C8,C8,,
Lorelei,,Sallos,II,3,Star Front Side,Always counts as defending. Deal 1 damage to the enemy goalie,on_duel_start,,,drain_stamina | always_defending,enemy_goalie | self,1 | 1,now | match,,always_defending,C4,C4,,
Lorelei,,Sallos,II,3,Star Ultimate Side,"You Basic Emblem is still active and usable. When an enemy Unit that has been marked by a song, if they have two song counters: they lose 1 power during combat. If they have three song counters: Deal 3 damage to the enemy goalie. Then it loses all counters.",,,,drain_stamina,enemy_goalie,3,now,,star_ultimate,C8,C8,,
Rauhnacht-Feuergeister,,Belphegor,IV,3,Star Front Side,If this has a burn counter + shooting at goal: Deal +2 damage to goalie,on_shot,has_counter:burn,,add_shot_power,self,2,round,,on_shot; has_counter,C2,C2,,
Rauhnacht-Feuergeister,,Belphegor,IV,3,Star Ultimate Side,"Rauhnacht-Feuergeister get +1 Base Power during combat for each victory counter. 
After a goal, lose all counters and activate Belphegor's Emblem again",,,,(system),,,,,star_ultimate,C8,C8 system,,
Rauhnacht-Feuergeister,,Flauros,IV,4,Star Front Side,Reveal a unit from your exhaust zone. Give this unit +1 damage during combat if the revealed card was fire,reveal,revealed_was:fire,,reveal_from_exhaust,next_self,1,duel,,revealed_was; reveal_from_exhaust; next_self,C5,C5,"""+1 damage during combat"": the same as +1 power for this duel? (Read that way.)",
Rauhnacht-Feuergeister,,Flauros,IV,4,Star Ultimate Side,"Create a permanent weapon token for one Star Unit. The weapons attack is the strongest fused unit.  
Break up all fused units and send them to the exhaust zone.",,,,(system),,,,,star_ultimate,C8,C8 system,Exile vs Exhaust: exhausted cards come back at the end of the cycle; exiled ones only when a rule says so. Is that right? (Read that way.),
Rauhnacht-Feuergeister,,Buer,IV,5,Star Front Side,This unit has attack equal to the victory counters you have. Remove 1 victory counter.,on_duel_start,,,power_from_count:victory | remove_counter:victory,self | side,1 | 1,duel | match,,power_from_count; remove_counter,C4,C4,,
Rauhnacht-Feuergeister,,Buer,IV,5,Star Ultimate Side,"Give the permanent Teufel Mask counter on a unit in the field zone and change its unit type to basic. 
When the unit is in combat, it obtains the Rauhnacht-Feuergeister unit type, and +1 Base Power each counter on the Teufel Mask. 
After each combat give the unit with Teufel Mask - 1 Base Power during combat. 
After the unit deals - 1 Base Power during combat remove the Teufel Mask and return its unit type.",,,,(system),,,,,star_ultimate,C8,C8 system,,
Bergmännlein,,Belial,III,2,Star Front Side,Consume 1 ore counter: Give another unit a temporary weapon that gives +1 power during combat.,on_duel_start,,ore:1,weapon,ally,1,duel,,ore; weapon,C6,C6,,
Bergmännlein,,Belial,III,2,Star Ultimate Side,"For each Player mining during play, gain 1 bonus ore counter. Each Bergmännlein now has access to the ore shop during combat. Accessing the ore shop, counts as the ability trigger, and won't trigger the attack or defend abilites if used.",,,,(system),,,,,star_ultimate,C8,C8 system,"Ore lives where - on the CARD, or in one pool for the side? (Proposed: one pool per side, shown on the emblem bar.)",
Bergmännlein,,Valefor,III,3,Star Front Side,Consume 1 ore counter: Gain 3 ore counters,on_duel_start,,ore:1,gain_ore,side,3,match,,ore; gain_ore,C2,C2,"Ore lives where - on the CARD, or in one pool for the side? (Proposed: one pool per side, shown on the emblem bar.)",
Bergmännlein,,Valefor,III,3,Star Ultimate Side,Bergmännlein in the exhaust zone mine ore counters. Each Bergmännlein that was mining the round before is giving +1 power during their next combat.,,,,(system),,,,,star_ultimate,C8,C8 system,"Ore lives where - on the CARD, or in one pool for the side? (Proposed: one pool per side, shown on the emblem bar.)",
Bergmännlein,,Haures,III,4,Star Front Side,Consume 1 ore counter: Give your goalie +1 stamina,on_duel_start,,ore:1,restore_stamina,own_goalie,1,now,,ore,C2,C2,,
Bergmännlein,,Haures,III,4,Star Ultimate Side,"Your goalie is now able to consume ore counters as well. Each ore counter adds armor to the goalie, which gives the goalie a shield and decreases the % change of a goal. Your goalie can only consume 3 ore per cycle.",,,ore:3,(system),,,,,star_ultimate,C8,C8 system,"Ore lives where - on the CARD, or in one pool for the side? (Proposed: one pool per side, shown on the emblem bar.)",
Unkengeister,,Vassago,II,1,Star Front Side,This unit power is equal to each Tier II enemy in the exhaust zone,on_duel_start,,,power_from_count:enemy_exhaust_II,self,1,duel,,power_from_count,C4,C4,,
Unkengeister,,Vassago,II,1,Star Ultimate Side,All of your Unkengeister have now the ability to choose an enemy ability in their exhaust zone that fits to their Tier level and use it as their own during combat. Any enemy unit's ability being copied cannot escape the exhaust zone until the cycle ends.,,,,(system),,,,,star_ultimate,C8,C8 system,,
Unkengeister,,Glasya-Labolas,II,2,Star Front Side,"This unit power is equal to each unique structure, element or object on the field (max 3)",on_duel_start,,,power_from_count:field_objects,self,3,duel,,power_from_count,C4,C4,(Max N): N times per MATCH for this card? (Read that way.),
Unkengeister,,Glasya-Labolas,II,2,Star Ultimate Side,"Your Unkengeister can now possess any structure, element or object that has been added to the field. When the enemy interacts with the possessed objects, they are terrified and don't gain the benefits of that interaction one time. Cannot possess the same object multiple times in one cycle.",,,,(system),,,,,star_ultimate,C8,C8 system,,
Unkengeister,,Caim,II,3,Star Front Side,The next two Unkengeister units get +1 power during combat,on_duel_start,,,add_power,next_ally*2:unkengeister,1,duel,,next_ally*2,C1,C1,,
Unkengeister,,Caim,II,3,Star Ultimate Side,"Spawn gravestones onto the soccer field, when the soccer ball knocks them over, spawn a ghost attaching it to the ball. The next Unkengeister gets +1 power for each ghost counter on the ball. After combat remove all ghost counters from the ball.",,,,(system),,,,,star_ultimate,C8,C8 system,,
Bergmännlein,Belial,Belial's Emblem,,,Emblem Basic Side,"A mine is created in each Zone. Each earth player that isn't in the ""Play Maker"" sequence, begins to mine ore counters.",,,,(system),,,,,emblem_basic,C7,C7 system,"Ore lives where - on the CARD, or in one pool for the side? (Proposed: one pool per side, shown on the emblem bar.)",
Bergmännlein,Belial,Belial's Emblem,,,Emblem Condition,If 4 Bergmännlein have collected Ore Counters druing a Play Maker session: Transform Belial,emblem_condition,,,turn_over,,,,,emblem_condition,C7,C7,The counter in Turns On must be fed by a real match event - see the Emblem's Turns On column.,
Bergmännlein,Belial,Belial's Emblem,,,Emblem Ultimate Side,,,,,,,,,,,,not written yet,No text yet - the Ultimate is yours to write.,
Bergmännlein,Valefor,Valefor's Emblem,,,Emblem Basic Side,A crater hits the middle of the soccer field and drops mine counters in different zones. Only your earth players are able to pick them up.,,,,(system),,,,,emblem_basic,C7,C7 system,"Ore lives where - on the CARD, or in one pool for the side? (Proposed: one pool per side, shown on the emblem bar.)",
Bergmännlein,Valefor,Valefor's Emblem,,,Emblem Condition,If 4 Bergmännlein have collected Ore Counters: Transform Valefor,emblem_condition,,,turn_over,,,,,emblem_condition,C7,C7,The counter in Turns On must be fed by a real match event - see the Emblem's Turns On column.,
Bergmännlein,Valefor,Valefor's Emblem,,,Emblem Ultimate Side,,,,,,,,,,,,not written yet,No text yet - the Ultimate is yours to write.,
Bergmännlein,Haures,Haures's Emblem,,,Emblem Basic Side,"Replace your goalie with a massive rock unit. When your goalie blocks a goal, drop ore counters and have a Tier IV earth player unit collect them.",,,,(system),,,,,emblem_basic,C7,C7 system,"Ore lives where - on the CARD, or in one pool for the side? (Proposed: one pool per side, shown on the emblem bar.)",
Bergmännlein,Haures,Haures's Emblem,,,Emblem Condition,If your Tier IV Bergmännlein have collected 4 Ore Counters: Transform Haures,emblem_condition,,,turn_over,,,,,emblem_condition,C7,C7,The counter in Turns On must be fed by a real match event - see the Emblem's Turns On column.,
Bergmännlein,Haures,Haures's Emblem,,,Emblem Ultimate Side,,,,,,,,,,,,not written yet,No text yet - the Ultimate is yours to write.,
Lorelei,Sitri,Gremory's Emblem,,,Emblem Basic Side,"When two or more water units enter the exhaust after combat, gain a Rose Unit Token. It is a Tier I Unit that replaces one of your water Tier I Units. It gains the Attack and Defense of the removed unit. Replaced units are in the Exhaust Zone.",,,,(system),,,,,emblem_basic,C7,C7 system,,
Lorelei,Sitri,Gremory's Emblem,,,Emblem Condition,If all three Tier I Units that were removed to create Rose Token Units were Lorelei: Transform Gremory.,emblem_condition,,,turn_over,,,,,emblem_condition,C7,C7,The counter in Turns On must be fed by a real match event - see the Emblem's Turns On column.,
Lorelei,Sitri,Gremory's Emblem,,,Emblem Ultimate Side,"You Basic Ability is still active and usable. Instead of only applying to Tier I units, now all Tier Units can be replaced by Rose Units. Each Rose Unit in the Exhaust Zone adds to the total damage when damage is dealt to the enemy goalie. After a goal remove all Rose Units and return the previous Units that were traded in.",,,,(system),,,,,star_ultimate,C8,C8 system,,
Lorelei,Zepar,Zepar's Emblem,,,Emblem Basic Side,"When your water Unit reveals itself, you can transform that Unit into a Swan creature type. Swan creature types get +1 Base Power during Unit Combat.",,,,(system),,,,,emblem_basic,C7,C7 system,,
Lorelei,Zepar,Zepar's Emblem,,,Emblem Condition,If you have transformed 5 Lorelei units into Swans: Transform Zepar.,emblem_condition,,,turn_over,,,,,emblem_condition,C7,C7,The counter in Turns On must be fed by a real match event - see the Emblem's Turns On column.,
Lorelei,Zepar,Zepar's Emblem,,,Emblem Ultimate Side,"You Basic Ability is still active and usable. When a Swan Unit attacks an enemy Unit, transform it into a Swan Unit as well, it loses all other creature types during combat. Give the enemy unit -2 Power during combat.",,,,add_power,opponent,-2,duel,,star_ultimate,C8,C8,,
Lorelei,Sallos,Sallos's Emblem,,,Emblem Basic Side,When your water unit defends and wins combat get a Song counter and place it permanently on an enemy Unit.,,,,(system),,,,,emblem_basic,C7,C7 system,,
Lorelei,Sallos,Sallos's Emblem,,,Emblem Condition,If five lorelei have defended and gave Song Counters to enemy units: Transform Sallos.,emblem_condition,,,turn_over,,,,,emblem_condition,C7,C7,The counter in Turns On must be fed by a real match event - see the Emblem's Turns On column.,
Lorelei,Sallos,Sallos's Emblem,,,Emblem Ultimate Side,"You Basic Ability is still active and usable. When an enemy Unit that has been marked by a song, if it was marked a second time they lose -1 Defense Power. If it is the third time, it will deal damage equal to its Song counters to the enemy Major Demon (Max 3). Then it loses all marks. (Emblem to show to keep track on pen&paper)",,,,(system),,,,3,star_ultimate,C8,C8 system,(Max N): N times per MATCH for this card? (Read that way.),
Rauhnacht-Feuergeister,Belphegor,Belphegor,,,Emblem Basic Side,"When one of your fire units wins combat: 
Gain a victory counter on this Emblem. Only two per Cycle.",,,,(system),,,,2/cycle,emblem_basic,C7,C7 system,,
Rauhnacht-Feuergeister,Belphegor,Belphegor,,,Emblem Condition,"Four Rauhnacht-Feuergeister units contributed to four victory counters: 
Inactivate this Emblem and Empower the Star Player Belphegor",emblem_condition,,,turn_over,,,,,emblem_condition,C7,C7,The counter in Turns On must be fed by a real match event - see the Emblem's Turns On column.,
Rauhnacht-Feuergeister,Belphegor,Belphegor,,,Emblem Ultimate Side,"Rauhnacht-Feuergeister get +1 Base Power during combat for each victory counter. 
After a goal, lose all counters and flip this Emblem back to it's basic side",,,,(system),,,,,star_ultimate,C8,C8 system,,
Rauhnacht-Feuergeister,Flauros,Flauros,,,Emblem Basic Side,"When a fire unit alters the Attack or Defense of another fire unit: 
Give the unit with the changed stat +1 Attack during combat.",,,,(system),,,,,emblem_basic,C7,C7 system,"""Attack power during combat"": the power the card FIGHTS with in that combat, whichever side it is on - so a -1 to a DEFENDING enemy still bites? (Read that way.)",
Rauhnacht-Feuergeister,Flauros,Flauros,,,Emblem Condition,"Four Rauhnacht-Feuergeister units have fused with each other: 
Inactivate this Emblem and Empower the Star Player Flauros",emblem_condition,,,turn_over,,,,,emblem_condition,C7,C7,The counter in Turns On must be fed by a real match event - see the Emblem's Turns On column.,
Rauhnacht-Feuergeister,Flauros,Flauros,,,Emblem Ultimate Side,"Create a permanent weapon token for one Star Unit. The weapons attack is the strongest fused unit.  
Break up all fused units and send them to the exhaust zone.",,,,(system),,,,,star_ultimate,C8,C8 system,Exile vs Exhaust: exhausted cards come back at the end of the cycle; exiled ones only when a rule says so. Is that right? (Read that way.),
Rauhnacht-Feuergeister,Buer,Buer,,,Emblem Basic Side,"When a fire unit recieves a counter: 
Give that fire unit on the field a + 1 Attack during their Combat (once per cycle)",,,,(system),,,,1/cycle,emblem_basic,C7,C7 system,"Once per cycle per card, or once per cycle per side? (Read as per card.)",
Rauhnacht-Feuergeister,Buer,Buer,,,Emblem Condition,"Eight Rauhnacht-Feuergeister have been active at some point: 
Inactivate this Emblem and Empower the Star Player Buer",emblem_condition,,,turn_over,,,,,emblem_condition,C7,C7,The counter in Turns On must be fed by a real match event - see the Emblem's Turns On column.,
Rauhnacht-Feuergeister,Buer,Buer,,,Emblem Ultimate Side,"Give the permanent Teufel Mask counter on a unit in the field zone and change its unit type to basic. 
When the unit is in combat, it obtains the Rauhnacht-Feuergeister unit type, and +1 Base Power each counter on the Teufel Mask. 
After each combat give the unit with Teufel Mask - 1 Base Power during combat. 
After the unit deals - 1 Base Power during combat remove the Teufel Mask and return its unit type.",,,,(system),,,,,star_ultimate,C8,C8 system,,
Unkengeister,Vassago,Vassago's Emblem,,,Emblem Basic Side,"When an air units wins combat, give the next air unit -1 power on their priority check",,,,(system),,,,,emblem_basic,C7,C7 system,"""Next"": the next card of that kind to DUEL - later this round, and into the next round if this was Tier IV? (Read that way.)",
Unkengeister,Vassago,Vassago's Emblem,,,Emblem Condition,If 4 Unkengeister are in the exhaust zone at once: Transform Vassago,emblem_condition,,,turn_over,,,,,emblem_condition,C7,C7,The counter in Turns On must be fed by a real match event - see the Emblem's Turns On column.,
Unkengeister,Vassago,Vassago's Emblem,,,Emblem Ultimate Side,,,,,,,,,,,,not written yet,No text yet - the Ultimate is yours to write.,
Unkengeister,Glasya-Labolas,Glasya-Labolas's Emblem,,,Emblem Basic Side,"If an air unit touches the ball before a ""PLAY MAKER"" session, give them +1 power during combat",,,,(system),,,,,emblem_basic,C7,C7 system,,
Unkengeister,Glasya-Labolas,Glasya-Labolas's Emblem,,,Emblem Condition,"If 4 Unkengeister have used ""cold touch"" on the ball: Transform Glasya-Labolas",emblem_condition,,,turn_over,,,,,emblem_condition,C7,C7,The counter in Turns On must be fed by a real match event - see the Emblem's Turns On column.,
Unkengeister,Glasya-Labolas,Glasya-Labolas's Emblem,,,Emblem Ultimate Side,,,,,,,,,,,,not written yet,No text yet - the Ultimate is yours to write.,
Unkengeister,Caim,Caim's Emblem,,,Emblem Basic Side,"If an air unit swaps position of the same Tier with another air unit during combat, give the enemy unit -1 power",,,,(system),,,,,emblem_basic,C7,C7 system,,
Unkengeister,Caim,Caim's Emblem,,,Emblem Condition,If 4 Unkengeister have summoned gravestones: Transform Caim,emblem_condition,,,turn_over,,,,,emblem_condition,C7,C7,The counter in Turns On must be fed by a real match event - see the Emblem's Turns On column.,
Unkengeister,Caim,Caim's Emblem,,,Emblem Ultimate Side,,,,,,,,,,,,not written yet,No text yet - the Ultimate is yours to write.,
