ID,Name,Description,Needs,Unlocks,Reward,Art,Hidden,Notes
first_whistle,First Whistle,Play a match to the final whistle.,count:matches_played>=1,Club House,,,,"THE ROOT OF EVERYTHING. Read the note at the top of achievement_book.gd: nothing in this game is available until an achievement hands it over. `Unlocks` is what this one hands over - a semicolon-separated list, in the same words the rest of the game uses. `Needs` is the ordinary condition language: count:x>=n, flag:y, unlocked:z, joined with semicolons."
first_win,First Win,Win a match.,count:matches_won>=1,Dorms,count:coins+25,,,"`Reward` is anything else that should happen, in the same words a Progression row's Do column uses. Coins, a flag, a story scene. THIS ROW SAID `give:coins+25` AND DID NOTHING FOR MONTHS - there is no `give` verb; it is `count:`. The loud-unknown-action guard added last round is what found it, on the first soak after it went in."
three_wins,Treble,Win three matches.,count:matches_won>=3,Trophy Room,count:coins+50,,,
goal_machine,Goal Machine,Score ten goals.,count:goals>=10,Training Ground,,,,
sharp_shooter,Sharp Shooter,Score five goals with a Star Player.,count:goals_by_star>=5,Pub,,,,"goals_by_star is a row of Stats.csv. If you point a Needs at a counter nothing counts, tools/achievement_check.gd says so and names it."
brewer,The First Brew,Score three times with a fire-brewed player.,count:goals_with_brew_fire>=3,Brewery;Malthouse,announce:The Brewery is open,,,Two unlocks from one achievement. The Brewery is the map; the Malthouse is its first section - a section has to be unlocked before you can work in it.
keeper_killer,Wall Breaker,Empty an opposing keeper's stamina five times.,count:keeper_emptied>=5,Traveling Tavern,,,,
clean_sheet,Clean Sheet,Win a match without conceding.,count:clean_sheets>=1,Mill,,,,The Brewery's second section.
ten_matches,Regular,Play ten matches.,count:matches_played>=10,Lautering,,,,The third section.
star_collector,Star Collector,Own three Star Players of the same class.,flag:three_of_a_kind,Emblems,,,,"THE GATE ON THE TALENT TREE. Three Stars of one class opens the Emblem section - but the Emblems have to be unlocked HERE first, which is what this row does. It waits on a FLAG rather than a counter because owning three of a kind is a fact about your squad, not a thing that happens; the team builder sets that flag when the tree lands. Until then this one is unearnable on purpose."
season_winner,Champions,Win a season.,flag:season_won,Trophy Case;Boiling,,,yes,Hidden = yes keeps it off the board until you earn it. Use it for endings and for anything that would spoil a surprise.
night_game,Under the Lights,Play five matches.,count:matches_played>=5,Floodlights,,,,"Grants a Stadium.csv layer. Stadium layers test unlocked: like everything else, so an achievement is all it takes to switch one on."
full_house,Full House,Win five matches.,count:matches_won>=5,Full House,,,,Another Stadium layer - the crowd.
the_crown,The Crown,Win eight matches.,count:matches_won>=8,The Crown,,,,A competition on the season shelf. Seasons.csv has been waiting for somebody to hand this out since round F.
scout_the_rivals,Know Your Rivals,Play three matches.,count:matches_played>=3,Rival Scouting,,,,Opens the Rivals class on the team-builder screen.
master_brewer,Master Brewer,Score eight times with brewed players.,count:goals_with_brew_fire>=8,Master Brewer,,,,"Your spreadsheets spell this three ways - Master Brewer, master_brewer and master brewer. That is FINE: unlock names are matched loosely (lowercase, letters and digits only), so all three are the same unlock. See section 4 of the manual."
first_pour,First Pour,Pour a brew on a player at the Pub.,count:brews_poured>=1,Fire Brew;Water Brew,,,,"The two starting recipes. A brew is a Brews.csv row and it tests unlocked: like everything else, so an achievement is the whole of what opens one."
the_cup,The Cup,Win six matches.,count:matches_won>=6,The Cup,,,,Another competition on the season shelf.
ice_house,Ice House,Keep three clean sheets.,count:clean_sheets>=3,Cooling,,,,The Brewery's fifth section - the cellar where a brew becomes a barrel.
bottle_it,Bottle It,Win ten matches.,count:matches_won>=10,Bottling,,,,"The sixth and last section. After this one the bottles go to the Pub, which is where the chain was always going."
hard_man,Hard Man,Have a player sent off.,count:red_cards>=1,,announce:One way to be remembered.,,,"A REWARD WITH NO UNLOCK. Perfectly legal - `Reward` on its own is enough, and this is the row to copy when you want an achievement that is only a moment. red_cards is a Stats.csv counter fed by the foul system."
second_vat,A Second Vat,Keep five clean sheets.,count:clean_sheets>=5,,announce:A second vat is for sale at the Club House.,,,"ROUND AN (Anthony): AN ACHIEVEMENT ONLY GRANTS THE RIGHT TO BUY AN UPGRADE. This row used to hand the vat over for free (count:batches_cooling+1); now it puts the vat on sale at the Club House - the row with Achievement = second_vat in data/Upgrades.csv. To hand an upgrade out FREE again, put its Effect back in Reward. THE SHAPE FOR THE WHOLE BREWERY: the basic foundation is free and everything that makes it bigger is earned. The Cooling cellar starts with ONE vat - its Batches column - and this Reward adds another. Copy this row for a third, or for batches_boiling, batches_malthouse, any section you like. No code and no new column, and the Brewery screen counts the vats for you."
third_vat,A Third Vat,Win fifteen matches.,count:matches_won>=15,,announce:A third vat is for sale at the Club House.,,,"ROUND AN: puts the third vat on sale at the Club House (data/Upgrades.csv) instead of giving it. The same row again. tools/brewery_check.gd measures what each one is worth: one vat is 24 bottles a season, two is 48, three is 54 - because by then hops are the limit and the Traveling Brewer is the answer rather than a fourth vat."
quereinsteiger,Quereinsteiger,Play twenty matches.,count:matches_played>=20,Quereinsteiger,announce:Quereinsteiger: the Training Ground can now retrain a player for a new role.,,,"ROUND AN (Anthony, 8 Oct). Opens retraining at the Training Ground (Training.csv row quereinsteiger, Kind retrain). Twenty matches is a placeholder - move Needs to whatever should earn it."
