ID,Trait,At,Name,Effect,Value,Target,Lasts,Icon,Description,Notes
fire_2,fire,2,Kindling,attack,2,,held,trait_fire_1,+2 on every shot,"THE SIMPLEST ROW IN THE FILE, and the one to copy first. Two Fire players in the stack and every shot is worth 2 more until the cycle comes round"
fire_3,fire,3,Blaze,attack,4,,held,trait_fire_2,+4 on every shot,"Replaces Kindling rather than adding to it - only the HIGHEST breakpoint you have reached in a trait is active. That is what makes 3/4 worth chasing"
fire_4,fire,4,Firestorm,strike,3,all,once,trait_fire_3,3 damage to every enemy on the pitch,"Lasts = once, so it happens the moment you reach it and does not happen again until the cycle resets. This is the pay-off row"
water_2,water,2,Undertow,stamina,1,all,once,trait_water_1,1 stamina back to everybody standing,A small patch-up the moment the second Water player passes
water_3,water,3,Deep Water,attack,3,,held,trait_water_2,+3 on every shot,
water_4,water,4,The River Returns,revive,1,3,once,trait_water_3,Brings one knocked-out player back with 3 stamina,"Value = HOW MANY to bring back. Target = how much stamina each one gets up with. Leave Target blank to use adventure_revive_stamina from Tuning.csv"
wand_2,wand,2,Green Shoots,attack,2,,held,trait_wand_1,+2 on every shot,
wand_3,wand,3,Rootbound,shield,2,,held,trait_wand_2,Every hit against you is 2 softer,"Shield is taken off each incoming hit, and a hit can never be reduced below adventure_damage_minimum - so it slows them, it does not stop them"
wand_4,wand,4,The Grove Answers,spawn,1,treant,once,trait_wand_3,A Treant walks on to replace somebody who is out,"Target names a row of AdventureSpawns.csv. The Treant takes the tier of whoever it is replacing, and its power is clamped into that tier's rungs - the tier ladder is never broken, not even by a spawn"
brandteufel_2,brandteufel,2,Forge Pressure,attack,2,,held,trait_brandteufel_1,+2 on every shot,
brandteufel_4,brandteufel,4,All Smoke,attack,6,,held,trait_brandteufel_2,+6 on every shot,"A whole side of one class fills this by itself, so keep it modest - it is a perk, not a plan"
lorelei_2,lorelei,2,Same Song,heal,2,lowest,once,trait_lorelei_1,2 stamina to whoever is worst off,"Target = lowest / all / last. `last` is whoever took the shot"
lorelei_4,lorelei,4,The Whole Rhine,attack,5,,held,trait_lorelei_2,+5 on every shot,
star_1,star,1,Star Turn,attack,3,,held,trait_star_1,+3 on every shot,A single Star in the stack is already worth something
star_2,star,2,Both Stars,strike,5,focus,once,trait_star_2,5 damage straight into the enemy you are focusing,"Two Stars in one cycle means the cycle came round, which is why this is the biggest single hit in the table"
normal_2,normal,2,Honest Graft,attack,2,,held,trait_normal_1,+2 on every shot,"The starter team gets the plain version of everybody else's perk. It is meant to be the boring one"
normal_4,normal,4,Full Eleven,stamina,2,all,once,trait_normal_2,2 stamina back to everybody standing,
rivals_2,rivals,2,Journeymen,attack,2,,held,trait_rivals_1,+2 on every shot,"The Rivals had an icon and nothing that fired it - the bar filled up and it never did anything. The workbench found that; this is the fix"
rivals_4,rivals,4,Old Pros,shield,1,,held,trait_rivals_2,Every hit against you is 1 softer,
