Scene,Node ID,Speaker,Portrait,Side,Mood,Background,Text,Effects,Notes
coach-adv-start,l1,Head Coach,coach,left,happy,,"Off you go, Trainer! Four of ours run out with the ball, and they pass it about as they go.",,"DRAFT lines (round AN, 10 Oct): the Head Coach explains each Adventure moment the first time it happens in your own game. Rewrite them here. Which moment plays which scene is MatchTalk.csv rows coach_adv_* (Mode adventure;intro_adventure, Once true)."
coach-adv-start,l2,Head Coach,coach,left,happy,,"Remember: nothing you pick up out here is yours until you carry it home. Escape stops the run if you need a breather.",,
coach-adv-pickup,l1,Head Coach,coach,left,happy,,"Something lying about! Whoever is closest peels off and grabs it. It goes in the haul, top right.",,
coach-adv-wave,l1,Head Coach,coach,left,mad,,"Hold up, something blocks the way. The party forms up and that means a fight.",,
coach-adv-boss,l1,Head Coach,coach,left,mad,,"That is the boss of this bounty. Put it down and you can claim the bounty and carry everything home.",,
coach-adv-focus,l1,Head Coach,coach,left,happy,,"First pick who you go after. Hover over an enemy and it tells you its stamina, its icons and its abilities. Click to pick it.",,
coach-adv-focus,l2,Head Coach,coach,left,happy,,"The whole move goes into that one, so pick the one that hurts you most, or the one nearly down.",,
coach-adv-draft,l1,Head Coach,coach,left,happy,,"Now one player from each Tier, Tier I first and Tier IV last. They pass the ball up the line and the last one shoots.",,
coach-adv-draft,l2,Head Coach,coach,left,happy,,"Whoever plays sits out until everybody else in that Tier has had a turn too. Hover a card to see what it brings.",,
coach-adv-icons,l1,Head Coach,coach,left,happy,,"See the icons along the top? That is the pile. Every player you send adds their icons to it.",,
coach-adv-icons,l2,Head Coach,coach,left,happy,,"Hover a card and the icons it would add blink on the bar. Collect enough of one kind and it pays out.",,
coach-adv-combo,l1,Head Coach,coach,left,happy,,"There! Enough of one icon and it pays out. Some add to the shot, some heal, some hit straight away.",,
coach-adv-combo,l2,Head Coach,coach,left,happy,,"The pile keeps building until every Tier has had its turn. Then it empties and you start again.",,
coach-adv-hit,l1,Head Coach,coach,left,happy,,"All four are in. Their powers and the pile go into the one you picked. Then everything still standing hits back.",,
coach-adv-enemy-buff,l1,Head Coach,coach,left,mad,,"Watch them! Some enemies get angrier with every pass you make, and hit harder this round.",,
coach-adv-foe-down,l1,Head Coach,coach,left,happy,,"Got one! When an enemy runs out of stamina it is gone. Put them all down and the way is clear.",,
coach-adv-enemy-turn,l1,Head Coach,coach,left,mad,,"Now their turn. Every enemy still standing hits one of ours and takes stamina off them.",,
coach-adv-enemy-combo,l1,Head Coach,coach,left,mad,,"They have icons too, and the same rules. Enough of one kind and their last hit is a big one.",,
coach-adv-down,l1,Head Coach,coach,left,mad,,"Down! Out of stamina means out for the rest of the run, and longer in bed back home.",,
coach-adv-down,l2,Head Coach,coach,left,mad,,"If a whole Tier has nobody left, they walk straight through it and hit twice as hard. Keep all four standing.",,
coach-adv-walkover,l1,Head Coach,coach,left,mad,,"A Tier with nobody in it! Everything they do this round lands twice.",,
coach-adv-cycle,l1,Head Coach,coach,left,happy,,"Everybody has had a turn, so the pile empties. Your players are all back to pick from.",,
coach-adv-stretcher,l1,Head Coach,coach,left,happy,,"The fight is won. Two lads from the club carry off whoever went down. They are out for the rest of the run.",,
coach-adv-loot,l1,Head Coach,coach,left,happy,,"Cleared! Now the big question: further in, or home?",,
coach-adv-loot,l2,Head Coach,coach,left,happy,,"Further in there is more to carry. Go home now and you keep all of it. If everybody falls, you lose the lot.",,
coach-adv-wipe,l1,Head Coach,coach,left,mad,,"Everybody down. Everything you were carrying stays out there.",,
coach-adv-wipe,l2,Head Coach,coach,left,mad,,"Next time, go home while you still can. Fleeing keeps most of it.",,
coach-adv-items,l1,Head Coach,coach,left,happy,,"Your bag. The things you can use here light up, and using one does not cost a turn.",,
