ID,Name,Description,Requires,For Class,Becomes,Element,Artwork,Attack Ability,Defend Ability,Cost,Permanent,Drinks,Inspiration,Notes
fire,Fire Brew,Ash on the tongue. A river-singer learns to burn.,unlocked:Fire Brew,Lorelei,Brandteufel,Fire,,BRAND_SCORCH,BRAND_MASK_ATK,reed:6,true,,25,YOUR EXAMPLE. A Lorelei counts as a Brandteufel for the match and gains two abilities. Feeds goals_with_brew_fire.
water,Water Brew,Cold and deep. The fire goes quiet and learns to listen.,unlocked:Water Brew,Brandteufel,Lorelei,Water,,LORE_SURGE,LORE_VEIL,reed:4|bog_iron:2,true,,25,The mirror of the Fire Brew. Needs the Water Craft talent.
keeper,Keeper's Tonic,"Thick, bitter, and it makes you very hard to move.",,,,,,,KEEP_BULWARK,ash_glass:5|reed:3,,,20,"No Becomes and no For Class - anyone may drink it, nobody changes class, they just gain a defend ability. Permanent is blank so it always wears off."
spirit_lorelei,Lorelei Team Spirit,"Everyone drinks from the same cup. Whatever was in it, they are one side now.",unlocked:Team Spirit Lorelei,Lorelei,,Water,,LORE_SURGE,LORE_VEIL,reed:10,true,,30,"THE TEAM SPIRIT, forged in the class tree when all three Lorelei nodes hold a Star. Note what it is: AN ORDINARY ROW OF THIS FILE. The tree unlocks the name in Requires and does nothing else, so you can rewrite the drink completely - the element, both abilities, the price, whether it is permanent - without touching a line of code."
spirit_rauhnacht,Feuergeister Team Spirit,Ash in the cup and ash on the tongue. Nobody flinches.,unlocked:Team Spirit Rauhnacht-Feuergeister,Rauhnacht-Feuergeister,,Fire,,BRAND_SCORCH,BRAND_MASK_ATK,reed:10,true,,30,The same for the other class. Its Requires is the name the tree unlocks - spelled exactly as ClassTree.spirit_unlock() builds it: the words Team Spirit and then the class name.
turn_water,Rhine Water Lager,Cold from the river. Three of these and he hears her singing.,,Normal,Lorelei,Water,,,,reed:2,,3,15,"A TURNING BREW (round X). Drinks 3: three pours on a plain card and he becomes a Lorelei at his own tier and power, keeping his name. On the third the Pub asks which card he becomes - one per set. A different element in between starts the count again."
turn_fire,Rauhnacht Smoke Beer,"Smoked over the twelve nights. Three, and something answers.",,Normal,Rauhnacht-Feuergeister,Fire,,,,ash_glass:2,,3,15,Turning brew - fire. Same rules as turn_water.
turn_earth,Miner's Dunkel,Black as the seam and twice as heavy.,,Normal,Bergmännlein,Earth,,,,bog_iron:2,,3,15,Turning brew - earth. Same rules as turn_water.
turn_air,Unken Weisse,"Cloudy, cold, and it croaks a little.",,Normal,Unkengeister,Air,,,,deep_salt:2,,3,15,Turning brew - air. Same rules as turn_water.
helles,Helles,"A clean, golden Mass. Nobody becomes anybody, they just start to sing.",,,,,,,,,,,20,"ROUND AN - THE DRUNK METER. INSPIRATION is how much of the meter (DrunkLevels.csv) one of these fills, in %. Blank = 0. A row with no Becomes and no abilities is a PLAIN BEER: it only fills the meter, and it is the only thing a sober player can be given. Free, so a team can always start drinking. DRAFT."
festbier,Festbier,Stronger than it looks. Two of these and the Tuba sounds like the Rhine.,,,,,,,,reed:1,,,35,"A stronger plain beer, made from your own Brewery materials. DRAFT."
