ID,Tier,Power,Name,Class,Gender,Artwork,Lead,Star,Ability,Notes
e1,I,0,,Normal,m,,,,,"THE OPPOSITION IN YOUR FIRST MATCH (round AN, your note): all plain players, no Stars, no brew. Used by the Enemy Squad column of the intro row in MatchModes.csv. Class Normal = plain players in the Club kit (PitchSprites.csv). Names are random every match (an opposition is not kept). Gender m or f picks the sheet."
e2,I,1,,Normal,m,,,,,
e3,I,2,,Normal,m,,,,,
e4,II,1,,Normal,m,,,,,
e5,II,2,,Normal,m,,,,,
e6,II,3,,Normal,m,,,,,
e7,III,2,,Normal,m,,,,,
e8,III,3,,Normal,m,,yes,,,LEAD yes: this Tier stands where the Stars usually stand.
e9,III,4,,Normal,m,,,,,
e10,IV,3,,Normal,m,,,,,
e11,IV,4,,Normal,m,,,,,
e12,IV,5,,Normal,m,,,,,
