File,Folder,Used on,Stand-in now,What it should show,Notes
back.png,assets/icons/,Every screen's Back button,arrow,A left arrow,"THE MOST USED ONE. Drop a PNG in and it appears everywhere at once - no code, no reimport, no restart"
play.png,assets/icons/,Base / Season / Bounty Board / team shelf,triangle,A play triangle or a boot striking a ball,
season.png,assets/icons/,Base / Seasons shelf,grid,A league table or a calendar,
adventure.png,assets/icons/,Base,hill,A hill or a map,
unlocks.png,assets/icons/,Base,diamond,A trophy or a rosette,Opens the achievements page
teams.png,assets/icons/,Base,pennant,A pennant or a crest,
base.png,assets/icons/,Full-time report,house,A little building,
dev.png,assets/icons/,Base,cog,A cog,Hidden by show_dev_tools in Tuning.csv
exit.png,assets/icons/,Tutorial base,eject,A door,Only shown inside the tutorial
new_team.png,assets/icons/,Team shelf,plus,A plus sign,
edit.png,assets/icons/,Team shelf,pencil,A pencil,
items.png,assets/icons/,Bounty Board / Adventure fight,cross,A satchel or a first-aid cross,
save.png,assets/icons/,Save slot screen,tile,A save tile,
keys.png,assets/icons/,Settings,keyboard,A keyboard,
screen.png,assets/icons/,Settings,rectangle,A monitor,
sound.png,assets/icons/,Settings,note,A speaker or a note,
colour.png,assets/icons/,Settings,half circle,A half-filled circle,
controller.png,assets/icons/,Settings,cross,A gamepad,
language.png,assets/icons/,Settings,glyph,A globe or two letters from two alphabets,
season_county.png,assets/icons/,Seasons shelf,drawn crest,The County League's badge,Named in the Art column of Seasons.csv. Until it exists a shield with the season's initial is drawn
season_winter.png,assets/icons/,Seasons shelf,drawn crest,The Winter Cup's badge,
season_coast.png,assets/icons/,Seasons shelf,drawn crest,The Coast Division's badge,
season_inland.png,assets/icons/,Seasons shelf,drawn crest,The Inland Shield's badge,
season_crown.png,assets/icons/,Seasons shelf,drawn crest,The Crown's badge,
button_start.png,assets/menu/,Title screen,plain button,The Start button,Named in MenuConfig.csv. A plain labelled button is used until it exists
button_settings.png,assets/menu/,Title screen,plain button,The Settings button,
button_tutorial.png,assets/menu/,Title screen,plain button,The Tutorial button,
button_quit.png,assets/menu/,Title screen,plain button,The Quit button,
background.png,assets/menu/,Title screen,flat colour,The title screen art,
background.png,assets/base/,The base,flat colour,The base's backdrop,
star_badge.png,assets/ui/,Cards and the pitch,drawn star,The Star Player marker,Appears in three places at once
disc.png,assets/team_icons/,Team badges,drawn shape,A team emblem,One per shape in team_roster.gd - disc shield diamond chevron ring star bars cross wave flame leaf anvil. All twelve are drawn until you replace them
