First Name,Surname,Gender,Notes
Johannes,Müller,m,"ONE NAME PER ROW, IN EITHER COLUMN. A new player is given a FIRST NAME from the left column that nobody in the game already has. When every first name is taken, he gets a first name and a SURNAME - 'Johannes Bauer' - and that pair is unique too. Add as many as you like; order does not matter."
Lukas,Schmidt,m,"A NAME IS KEPT FOR AS LONG AS THE PLAYER IS AT YOUR BASE. It is handed back only when he leaves the base for good (release:), so two players never share one. See src/core/name_book.gd."
Matthias,Schneider,m,"Names already written in the Name column of any unit file - BasicTeam, the four Unit_Set files, Star Players - count as taken, so a recruit can never be called Gremory or Müller."
Andreas,Fischer,m,Mixed men's and women's names on purpose. Delete any you do not want.
Stefan,Weber,m,"ROUND AN: GENDER is for the FIRST NAME on this row - m or f. The first match (data/IntroSquad.csv) picks a man's or a woman's name with it, so a woman gets the woman's sprite. Blank = either."
Thomas,Meyer,m,
Michael,Wagner,m,
Christian,Becker,m,
Florian,Schulz,m,
Tobias,Hoffmann,m,
Sebastian,Schäfer,m,
Alexander,Koch,m,
Maximilian,Bauer,m,
Felix,Richter,m,
Jonas,Klein,m,
Leon,Wolf,m,
Paul,Schröder,m,
Elias,Neumann,m,
Noah,Schwarz,m,
Ben,Zimmermann,m,
Finn,Braun,m,
Luis,Krüger,m,
Moritz,Hofmann,m,
Jakob,Hartmann,m,
Simon,Lange,m,
Philipp,Schmitt,m,
Daniel,Werner,m,
David,Schmitz,m,
Fabian,Krause,m,
Dominik,Meier,m,
Julian,Lehmann,m,
Kilian,Schmid,m,
Korbinian,Schulze,m,
Benedikt,Maier,m,
Quirin,Köhler,m,
Vitus,Herrmann,m,
Xaver,König,m,
Severin,Walter,m,
Leonhard,Mayer,m,
Valentin,Huber,m,
Anton,Kaiser,m,
Georg,Fuchs,m,
Josef,Peters,m,
Franz,Lang,m,
Ludwig,Scholz,m,
Wolfgang,Möller,m,
Klaus,Weiß,m,
Jürgen,Jung,m,
Dieter,Hahn,m,
Uwe,Schubert,m,
Helmut,Vogel,m,
Werner,Friedrich,m,
Günter,Keller,m,
Manfred,Günther,m,
Rainer,Frank,m,
Horst,Berger,m,
Bernd,Winkler,m,
Holger,Roth,m,
Ralf,Beck,m,
Frank,Lorenz,m,
Markus,Baumann,m,
Martin,Franke,m,
Peter,Albrecht,m,
Rudolf,Schuster,m,
Karl,Simon,m,
Wilhelm,Ludwig,m,
Heinrich,Böhm,m,
Friedrich,Winter,m,
Hermann,Kraus,m,
Otto,Martin,m,
Ernst,Schumacher,m,
Walter,Krämer,m,
Kurt,Vogt,m,
Hans,Stein,m,
Fritz,Jäger,m,
Willi,Otto,m,
Sepp,Sommer,m,
Toni,Groß,m,
Hansi,Seidel,m,
Wastl,Heinrich,m,
Alois,Brandt,m,
Ignaz,Haas,m,
Kaspar,Schreiber,m,
Balthasar,Graf,m,
Melchior,Schulte,m,
Leopold,Dietrich,m,
Konrad,Ziegler,m,
Gregor,Kuhn,m,
Lorenz,Kühn,m,
Bartholomäus,Pohl,m,
Emil,Engel,m,
Oskar,Horn,m,
Theo,Busch,m,
Carl,Bergmann,m,
Gustav,Thomas,m,
Albert,Voigt,m,
Arthur,Sauer,m,
Erich,Arnold,m,
Gerhard,Wolff,m,
Herbert,Pfeiffer,m,
Norbert,Gruber,m,
Volker,Steiner,m,
Lothar,Moser,m,
Hubert,Brunner,m,
Reinhold,Leitner,m,
Siegfried,Wimmer,m,
Egon,Hofer,m,
Edgar,Eder,m,
Harald,Lechner,m,
Gerd,Pichler,m,
Jan,,m,
Tim,,m,
Nils,,m,
Lars,,m,
Sven,,m,
Jens,,m,
Kai,,m,
Dirk,,m,
Timo,,m,
Marco,,m,
Patrick,,m,
Sascha,,m,
Oliver,,m,
Torsten,,m,
Carsten,,m,
Mario,,m,
René,,m,
Dennis,,m,
Marcel,,m,
Robin,,m,
Pascal,,m,
Niklas,,m,
Marvin,,m,
Kevin,,m,
Jannik,,m,
Lennart,,m,
Henrik,,m,
Hannes,,m,
Konstantin,,m,
Vincent,,m,
Emma,,f,
Anna,,f,
Lena,,f,
Marie,,f,
Sophie,,f,
Johanna,,f,
Theresa,,f,
Magdalena,,f,
Franziska,,f,
Veronika,,f,
Katharina,,f,
Elisabeth,,f,
Barbara,,f,
Monika,,f,
Ursula,,f,
Gertrud,,f,
Hildegard,,f,
Ingrid,,f,
Renate,,f,
Petra,,f,
Sabine,,f,
Claudia,,f,
Andrea,,f,
Susanne,,f,
Birgit,,f,
Heike,,f,
Silke,,f,
Anja,,f,
Kerstin,,f,
Nicole,,f,
Julia,,f,
Laura,,f,
Lea,,f,
Hannah,,f,
Mia,,f,
Clara,,f,
Paula,,f,
Ida,,f,
Frieda,,f,
Greta,,f,
