Screen,Part,Image,X,Y,Width,Height,Scale,Flip,Colour,Hover Sound,Press Sound,Back Sound,Notes
settings,background,res://assets/ui/settings/01_keller_room.png,,,,,,,,,,,"ROUND AL. SETTINGS = THE BEER KELLER. Rows are drawn top to bottom = back to front, all behind the screen's own buttons and text. Layer 1: the vaulted brick cellar (Pixelate.csv keller_1_room)."
settings,picture,res://assets/ui/settings/04_beam_top.png,320,140,,,2,,,,,,"Layer 2: the ceiling beam with lanterns, hops, bratwursts and pretzels - three pieces across the top, the middle one flipped."
settings,picture,res://assets/ui/settings/04_beam_top.png,960,140,,,2,yes,,,,,Layer 2: beam (middle).
settings,picture,res://assets/ui/settings/04_beam_top.png,1600,140,,,2,,,,,,Layer 2: beam (right).
settings,picture,res://assets/ui/settings/02_barrels_left.png,190,720,,,2,,,,,,Layer 3: the barrel rack on the left.
settings,picture,res://assets/ui/settings/03_barrel_dwarf_right.png,1690,900,,,2,,,,,,Layer 4: the big barrel with the sleeping Bergmaennlein on the right.
settings,shade,,960,545,1440,1030,,,#140c06b8,,,,"A see-through dark box behind the settings, so every word stays readable on the painting. The last two hex digits are how solid it is (00 = invisible, ff = solid)."
settings,margin,,,,250,24,,,,,,,"The settings sit 250 pixels in from the left and right edges, so the barrels show either side."
settings,button,res://assets/menu/button_plank.png,,,,,,,#f6ead0,menu_hover,menu_click,menu_back,"EVERY plain button on this screen becomes the title screen's oak plank with its sounds. Back / Close / Quit buttons play the Back Sound. Tick boxes, sliders and drop-downs keep their own look."
slot,background,res://assets/ui/save/01_trophy_hall.png,,,,,,,,,,,ROUND AL. THE SAVE SCREEN = THE TROPHY ROOM. Layer 1: the panelled hall (Pixelate.csv trophy_1_hall).
slot,picture,res://assets/ui/save/04_pennants_top.png,240,265,,,2,,,,,,"Layer 2: pennants and scarves along the rail - four pieces across the top, every second one flipped."
slot,picture,res://assets/ui/save/04_pennants_top.png,680,265,,,2,yes,,,,,Layer 2: pennants.
slot,picture,res://assets/ui/save/04_pennants_top.png,1240,265,,,2,,,,,,Layer 2: pennants.
slot,picture,res://assets/ui/save/04_pennants_top.png,1680,265,,,2,yes,,,,,Layer 2: pennants.
slot,picture,res://assets/ui/save/02_cabinet_left.png,250,640,,,2,,,,,,"Layer 3: the trophy cabinet - cups, the golden stein, the creature emblems - left."
slot,picture,res://assets/ui/save/03_creature_trophies_right.png,1670,620,,,2,,,,,,"Layer 4: one mounted trophy for each class - the Unkengeist toad king, a Rauhnacht fire spirit, the Lorelei swan and harp, the Bergmaennlein hood and pickaxe, a bog lurker - right."
slot,shade,,960,560,1080,620,,,#140c06a8,,,,A see-through dark box behind the save tiles.
slot,button,res://assets/menu/button_plank.png,,,,,,,#f6ead0,menu_hover,menu_click,menu_back,Every plain button on the save screen becomes the oak plank with the menu sounds.
