ID,Name,Sells,How Many,Price,Currency,Stock,Requires,Art,Notes,Mood
hops_sack,A sack of hops,res:hops,6,45,coins,3,unlocked:Traveling Tavern,shop_hops.png,"HE IS THE PRESSURE VALVE, and this is the row that proves it. tools/brewery_check.gd measures hops as the thing the Brewery runs out of - they only arrive when you WIN - so the Brewer sells them, dear. `Sells` is res:<id> for a Brewery material or brew:<id> for a recipe.",
yeast_jar,A jar of live yeast,res:yeast,4,50,coins,2,unlocked:Traveling Tavern,shop_yeast.png,The other thing the cellar runs dry of.,
germ_tray,A tray of germs,res:germs,5,35,coins,3,unlocked:Traveling Tavern,shop_germs.png,The top of the chain. Cheapest of the three because it is the one you get most of from a fixture.,
spare_hammer,A spare hammer,res:hammer,1,120,coins,1,unlocked:Mill,shop_hammer.png,"A TOOL, SO IT IS KEPT. You need one to work the Mill and you never need a second - which makes this row the one to look at if you ever lose one. Stock 1: he has exactly one.",
fire_recipe,The fire recipe,brew:fire,1,150,coins,1,unlocked:Brewery,shop_fire.png,"SELLING A RECIPE rather than a material. brew:<id> unlocks that row of Brews.csv by name, exactly as a talent or an achievement would - the Pub can pour it from then on. Premium, because a talent point would have bought it for nothing.",
water_recipe,The water recipe,brew:water,1,180,coins,1,unlocked:Brewery,shop_water.png,The same again for the cold side.,
marsh_hops,Marsh-grown hops,res:hops,10,40,marks,2,unlocked:Traveling Tavern,shop_hops.png,"PRICED IN MARKS, so only quick matches buy it - and it is the best hops deal in the game. That is what a second currency is FOR: it makes a mode worth playing rather than just available.",
iron_boots,A pair of iron-shod boots,unlock:Iron Boots,1,260,coins,1,unlocked:Brewery,shop_boots.png,"THE FORGE MOVED HERE. The base used to have four one-click recipe buildings - the Forge, the Still, the Reed Press and the Cold Cellar - and they were worked examples rather than rooms you asked for. The recipe pattern is not lost: a Buildings.csv row with a Requires that is a price check and an Action that is the trade still works exactly as it did, and the Notes on the old rows are quoted in the Designer Manual. This is where Iron Boots comes from now, so the Iron Shod talent still has a door.",
trade_fire_brew,A bottle of Fire Brew,count:brew_fire+1,1,3,reed,3,unlocked:Traveling Tavern,brew_fire,"ROUND AN (your note): the Traveling Merchant TRADES BEER for what you carried home. Sells count:brew_fire+1 = one Bottled Fire Brew (Items.csv) into your bag, used on a player in the draft. Price 3 Reed.",
trade_water_brew,A bottle of Water Brew,count:brew_water+1,1,2,bog_iron,3,unlocked:Traveling Tavern,brew_water,ROUND AN. One Bottled Water Brew for 2 Bog Iron.,
trade_water,A Bottle of Water,count:water_bottle+1,1,20,coins,,unlocked:Traveling Tavern,brew_water,"ROUND AN (Anthony, 9 Oct): water is not free - only the Traveling Merchant sells it. MOOD -50|25: his price changes after every match, anywhere from half price (-50%) to a quarter more (+25%). Put a range on any row to make it moody; blank = a fixed price. 20 coins and unlimited stock are DRAFT numbers.",-50|25
