Unit Type,Name,Attack,Defend,Element,Base Power ,Tier,Card Number,Set Name,Artwork,Player Type,Attack Ability,Defend Ability
Rauhnacht-Feuergeister,Claudia,Give the next Tier fire ally a burn counter,Give the next Tier fire ally a burn counter,FIRE,0,I,1,Buer,Belphegor_Rauhnacht-Feuergeister.png,Normal,C_Claudia_A,C_Claudia_D
Rauhnacht-Feuergeister,Jürgen,Give the next Tier fire ally a burn counter,If this has a burn counter: Remove a counter,FIRE,1,I,2,Buer,Belphegor_Rauhnacht-Feuergeister.png,Normal,C_Jürgen_A,C_Jürgen_D
Rauhnacht-Feuergeister,Philipp,If this has a burn counter: deal +1 damage during combat,Give the next Tier fire ally a burn counter,FIRE,2,I,3,Buer,Belphegor_Rauhnacht-Feuergeister.png,Normal,C_Philipp_A,C_Philipp_D
Rauhnacht-Feuergeister,Simon,If this has a burn counter: deal +1 damage during combat,If this has a burn counter: Remove a counter,FIRE,1,II,4,Buer,Belphegor_Rauhnacht-Feuergeister.png,Normal,C_Simon_A,C_Simon_D
Rauhnacht-Feuergeister,Korbinian,If this has a burn counter: deal 1 damage to the enemy goalie,Give the next Tier fire ally a burn counter,FIRE,2,II,5,Buer,Belphegor_Rauhnacht-Feuergeister.png,Normal,C_Korbinian_A,C_Korbinian_D
Rauhnacht-Feuergeister,Toni,Give the next Tier fire ally a burn counter,If this has a burn counter: Remove a counter,FIRE,3,II,6,Buer,Belphegor_Rauhnacht-Feuergeister.png,Normal,C_Toni_A,C_Toni_D
Rauhnacht-Feuergeister,Wolfgang,If this has a burn counter: deal +1 damage during combat,If this has a burn counter: Remove a counter,FIRE,2,III,7,Buer,Belphegor_Rauhnacht-Feuergeister.png,Normal,C_Wolfgang_A,C_Wolfgang_D
Rauhnacht-Feuergeister,Otto,Give the next Tier fire ally a burn counter,If this has a burn counter: deal +1 damage during combat,FIRE,3,III,8,Buer,Belphegor_Rauhnacht-Feuergeister.png,Normal,C_Otto_A,C_Otto_D
Rauhnacht-Feuergeister,René,If this has a burn counter: Negate the enemy ability,Give the next Tier fire ally a burn counter,FIRE,4,III,9,Buer,Belphegor_Rauhnacht-Feuergeister.png,Normal,C_René_A,C_René_D
Rauhnacht-Feuergeister,Jonas,Can be fused. This unit fuses itself with a Tier III fire unit  from outside of the game,Can be fused. This unit fuses itself with a Tier III fire unit  from outside of the game,FIRE,0,I,1,Flauros,Flauros_Rauhnacht-Feuergeister.png,Normal,,
Rauhnacht-Feuergeister,Paul,Can be fused. This unit fuses itself with a Tier II fire unit  from outside of the game,Can be fused. This unit fuses itself with a Tier II fire unit  from outside of the game,FIRE,1,I,2,Flauros,Flauros_Rauhnacht-Feuergeister.png,Normal,,
Rauhnacht-Feuergeister,Quirin,Can be fused. This unit fuses itself with a Tier I fire unit  from outside of the game,Can be fused. This unit fuses itself with a Tier I fire unit  from outside of the game,FIRE,2,I,3,Flauros,Flauros_Rauhnacht-Feuergeister.png,Normal,,
Rauhnacht-Feuergeister,Katharina,Can be fused. Give this unit +1 attack during combat if fused with another,Can be fused. Give this unit +1 during combat if fused with another,FIRE,1,II,4,Flauros,Flauros_Rauhnacht-Feuergeister.png,Normal,,
Rauhnacht-Feuergeister,Julian,Give the next fire ally +1 damage during combat,Give the next enemy -1 during combat,FIRE,2,II,5,Flauros,Flauros_Rauhnacht-Feuergeister.png,Normal,C_Julian_A,C_Julian_D
Rauhnacht-Feuergeister,Tim,Give the next enemy -1 during combat,Give the next fire ally +1 during combat,FIRE,3,II,6,Flauros,Flauros_Rauhnacht-Feuergeister.png,Normal,C_Tim_A,C_Tim_D
Rauhnacht-Feuergeister,Albert,Can be fused. Give the next fire ally +1 damage during combat,Can be fused. Give the next fire ally +1 damage during combat,FIRE,2,III,7,Flauros,Flauros_Rauhnacht-Feuergeister.png,Normal,,
Rauhnacht-Feuergeister,Stefan,Give the next enemy -1 during combat,Give the next fire ally +1 during combat,FIRE,3,III,8,Flauros,Flauros_Rauhnacht-Feuergeister.png,Normal,C_Stefan_A,C_Stefan_D
Rauhnacht-Feuergeister,Petra,Give the next fire ally +1 during combat,Give the next enemy -1 during combat,FIRE,4,III,9,Flauros,Flauros_Rauhnacht-Feuergeister.png,Normal,C_Petra_A,C_Petra_D
Rauhnacht-Feuergeister,Fritz,Give this unit +1 power during combat. If this wins: Give this unit -1 power counter. ,Give this unit +1 power during combat. If this wins: Give this unit -1 power counter. ,FIRE,0,I,1,Belphegor,Buer_Rauhnacht-Feuergeister.png,Normal,C_Fritz_A1;C_Fritz_A2,C_Fritz_D1;C_Fritz_D2
Rauhnacht-Feuergeister,Vitus,Give this unit +1 power during combat. If this wins: Give this unit -1 power counter. ,If this wins: Give your goalie 1 stamina ,FIRE,1,I,2,Belphegor,Buer_Rauhnacht-Feuergeister.png,Normal,C_Vitus_A1;C_Vitus_A2,C_Vitus_D
Rauhnacht-Feuergeister,Niklas,If this wins: Deal 1 damage to the enemy goalie,Give this unit +1 power during combat. If this wins: Give this unit -1 power counter. ,FIRE,2,I,3,Belphegor,Buer_Rauhnacht-Feuergeister.png,Normal,C_Niklas_A,C_Niklas_D1;C_Niklas_D2
Rauhnacht-Feuergeister,Heinrich,If this wins: Give the next ally unit +1 power during combat,Give this unit +1 power during combat. If this wins: Give this unit -1 power counter. ,FIRE,1,II,4,Belphegor,Buer_Rauhnacht-Feuergeister.png,Normal,C_Heinrich_A,C_Heinrich_D1;C_Heinrich_D2
Rauhnacht-Feuergeister,Henrik,Give this unit +1 power during combat. If this wins: Give this unit -1 power counter. ,If this wins: Deal 1 damage to the enemy goalie,FIRE,2,II,5,Belphegor,Buer_Rauhnacht-Feuergeister.png,Normal,C_Henrik_A1;C_Henrik_A2,C_Henrik_D
Rauhnacht-Feuergeister,Timo,If this wins: Add +1 power to the damage collection ,If this wins: Give the next ally unit +1 power during combat,FIRE,3,II,6,Belphegor,Buer_Rauhnacht-Feuergeister.png,Normal,C_Timo_A,C_Timo_D
Rauhnacht-Feuergeister,Kilian,Give this unit +1 power during combat. If this wins: Give this unit -1 power counter. ,If this wins: Add +1 power to the damage collection ,FIRE,2,III,7,Belphegor,Buer_Rauhnacht-Feuergeister.png,Normal,C_Kilian_A1;C_Kilian_A2,C_Kilian_D
Rauhnacht-Feuergeister,Elisabeth,If this wins: Add +1 power to the damage collection ,Give this unit +1 power during combat. If this wins: Give this unit -1 power counter. ,FIRE,3,III,8,Belphegor,Buer_Rauhnacht-Feuergeister.png,Normal,C_Elisabeth_A,C_Elisabeth_D1;C_Elisabeth_D2
Rauhnacht-Feuergeister,Frieda,If this wins: Give the next ally unit +1 power during combat,If this wins: Add +1 power to the damage collection ,FIRE,4,III,9,Belphegor,Buer_Rauhnacht-Feuergeister.png,Normal,C_Frieda_A,C_Frieda_D
