ID,Kind,Keyword,Text,Element,Class,Set,Tier,Side,Weight,Notes
t_reveal,trigger,reveal,Reveal,*,*,*,*,both,3,"EVERY UNIT ABILITY IS A TRIGGER AND AN EFFECT, joined by a colon - which is exactly how you already write them: ""If you control a token: Deal 1 damage to the enemy goalie"". That is why they can be rolled. This file is the two halves, and the New Class wizard in the workbench draws one of each."
t_wins,trigger,wins,If this wins,*,*,*,*,both,3,
t_defending,trigger,defending,If Defending,*,*,*,*,defend,3,
t_exile,trigger,exile,While in exhaust,*,*,*,*,defend,2,
t_push_wins,trigger,push,Give this unit +{n} power during combat. If this wins,*,*,*,*,attack,2,A COMPOUND TRIGGER - it pays something out before it asks its question. Worth one or two in a set; a whole set of them reads the same.
t_token,trigger,token,If you control a {token},*,*,*,*,both,3,"{token} IS THE SET'S OWN WORD. Every Emblem names one in the Token column of its Emblems file - Rose Unit, Swan, Song counter, burn counter, Teufel Mask - and it is filled in when the ability is rolled. That single placeholder is what makes nine units read as a set that belongs together rather than nine units that happen to share a class."
t_has_counter,trigger,counter,If this has a {token},*,*,*,*,both,3,
t_is_token,trigger,istoken,If this unit is a {token},*,*,*,*,both,2,
t_tier_ally,trigger,ally,If a Tier {tier} {element} ally is in combat,*,*,*,*,both,2,
t_goal_down,trigger,behind,If you are behind,*,*,*,*,both,1,A SCOREBOARD TRIGGER. Rarer on purpose - a set where every card checks the score plays the same every time.
e_dmg_combat,effect,damage,Deal +{n} damage during combat,*,*,*,*,attack,3,
e_dmg_goalie,effect,goalie,Deal {n} damage to the enemy goalie at the end of the cycle,*,*,*,*,attack,2,
e_enemy_down,effect,weaken,Give the enemy -{n} attack power during combat,*,*,*,*,defend,3,
e_next_enemy_down,effect,weaken,Give the next enemy -{n} during combat,*,*,*,*,defend,2,
e_ally_up,effect,boost,Give the next ally unit +{n} power during combat,*,*,*,*,both,3,
e_element_ally_up,effect,boost,Give the next {element} ally +{n} during combat,*,*,*,*,both,3,
e_tier_ally_up,effect,boost,Give a Tier {tier} {element} unit +{n} power during combat,*,*,*,*,both,3,
e_tier_enemy_down,effect,weaken,During combat remove {n} power from a Tier {tier} unit,*,*,*,*,both,2,
e_priority,effect,priority,Give a Tier {tier} {element} unit ability priority during combat,*,*,*,*,both,2,
e_switch_defend,effect,switch,Switch to being the defender,*,*,*,*,defend,3,
e_force_other,effect,force,Force the enemy Tier {tier} to use their other ability during combat,*,*,*,*,both,1,A STRONG ONE. Weight 1 so it turns up about a third as often as a weight-3 line.
e_self_down,effect,cost,Give this unit -{n} power counter.,*,*,*,*,both,2,"A COST, not a gift. A set needs a few of these or every card is upside and nothing is a decision."
e_collect,effect,collect,Add +{n} power to the damage collection,*,*,*,*,attack,2,
e_goalie_stamina,effect,keeper,Give your goalie {n} stamina after Tier {tier} combat,*,*,*,*,defend,1,
e_reveal_another,effect,reveal,Reveal another unit card.,*,*,*,*,both,1,
e_give_token,effect,token,Give the next Tier {tier} {element} ally a {token},*,*,*,*,both,3,"THE ENGINE LINE. Roughly a third of a set should MAKE its token and another third should SPEND it, or the Emblem's Condition never fills and the Ultimate is decoration."
e_make_token,effect,token,Send this unit to the exhaust and replace it with a {token} (same attack power),*,*,*,*,both,2,
e_token_dmg,effect,token,Your next {token} deals {n} damage to the enemy goalie,*,*,*,*,attack,2,
e_token_up,effect,token,Your next {token} has +{n} power during combat,*,*,*,*,both,2,
e_swap_token,effect,token,Swap the attack of the {token} with this unit's power,*,*,*,*,both,1,
e_remove_token,effect,token,Remove a {token},*,*,*,*,both,2,
e_fuse,effect,fuse,Can be fused. This unit fuses itself with a Tier {tier} {element} unit from outside of the game,FIRE,*,*,*,both,2,"FIRE'S OWN LINE. Element = FIRE, so it is never rolled for a water set. That column is how a class keeps its voice while everything else is shared."
e_fuse_boost,effect,fuse,Can be fused. Give the next {element} ally +{n} damage during combat,FIRE,*,*,*,both,2,
e_exile_swap,effect,exile,"Double its attack for its next combat, then swap a card from the exhaust of the same Tier",WATER,*,*,*,attack,1,
e_foul_coin,effect,foul,"If you cause a foul, instead flip a coin to see if the enemy gets it instead",*,*,*,*,defend,1,
