Unit Type,Name,Attack,Defend,Element,Base Power Left,Base Power Right,Tier,Level,Stufe,Tool,Card Number,Card Date,Set Name,Created by,Artwork,Player Type
Lorelei,Silver-Rhine Lorelei,"Send this unit to the Exhaust Zone instead of the Void. 
While in the Exhaust Zone: 
During Major Demon combat give your Major Demon temporarly + 1 Attack Power. (Once per Round). ",After combat send this unit to the Exhaust Zone instead of the Void.,Water,0,0,I,5,Level,Cups,0001,2026,F01,A.J.S ,Silver-Rhine Lorelei.png,Normal
Lorelei,Moonlit River Lorelei,"Send this unit to the Exhaust Zone instead of the Void. 
While in the Exhaust Zone: 
During Unit Combat give another Water Unit +2 Defensive Power. (Once per Round).",After combat send this unit to the Exhaust Zone instead of the Void.,Fire,1,1,I,6,Level,Wand,0002,2026,F01,A.J.S ,Moonlit River Lorelei.png,Normal
Lorelei,Echo of the Cliff Lorelei,"Send this unit to the Exhaust Zone instead of the Void. 
While in the Exhaust Zone: 
Negate one Unit Ability of Tier I during Combat. (Once per Round). ",After combat send this unit to the Exhaust Zone instead of the Void.,Water,2,2,I,7,Level,Cups,0003,2026,F01,A.J.S ,Echo of the Cliff Lorelei.png,Normal
Lorelei,Rose Water Lorelei,"If in Void or Exhaust Zone after Preperation Phase: 
Reveal an opponent Unit of Tier I that is in the Active Zone. (Once Per Round). ",After combat send this unit to the Exhaust Zone instead of the Void.,Fire,1,1,II,9,Level,Wand,0004,2026,F01,A.J.S ,Rose Water Lorelei.png,Normal
Lorelei,Mist-Born Lorelei,"If in Void or Exhaust Zone after Preperation Phase: 
Reveal an opponent Unit of Tier II that is in the Active Zone. (Once Per Round). ",After combat send this unit to the Exhaust Zone instead of the Void.,Water,2,2,II,10,Level,Cups,0005,2026,F01,A.J.S ,Mist-Born Lorelei.png,Normal
Lorelei,Sapphire Current Lorelei,"If in Void or Exhaust Zone after Preperation Phase: 
Reveal an opponent Unit of Tier III that is in the Active Zone. (Once Per Round). ",After combat send this unit to the Exhaust Zone instead of the Void.,Fire,3,3,II,10,Level,Wand,0006,2026,F01,A.J.S ,Sapphire Current Lorelei.png,Normal
Lorelei,Lorelei of the Deep River,"If in Void or Exhaust Zone after Preperation Phase: 
Reveal an opponent Unit of Tier IV that is in the Active Zone. (Once Per Round). ",After combat send this unit to the Exhaust Zone instead of the Void.,Water,2,2,III,13,Level,Cups,0007,2026,F01,A.J.S ,Lorelei of the Deep River.png,Normal
Lorelei,Whispering Rhine Lorelei,"If in Void or Exhaust Zone before Unit Combat: 
Give a Cups Unit in the Combat Zone +1 Defensive Power ",After combat send this unit to the Exhaust Zone instead of the Void.,Fire,3,3,III,13,Level,Wand,0008,2026,F01,A.J.S ,Whispering Rhine Lorelei.png,Normal
Lorelei,Songbound Shore Lorelei,"If in Void or Exhaust Zone before Unit Combat: 
Give a Wand Unit in the Combat Zone +2 Attack Power ",After combat send this unit to the Exhaust Zone instead of the Void.,Water,4,4,III,13,Level,Cups,0009,2026,F01,A.J.S ,Songbound Shore Lorelei.png,Normal
Lorelei,Twilight Lorelei of the Rocks,"If in Exhaust Zone during Preperation Phase: 
Trade this Unit with another of Tier IV from the Tier Stack. (Once per Round). ",After combat send this unit to the Exhaust Zone instead of the Void.,Fire,3,3,IV,17,Level,Wand,0010,2026,F01,A.J.S ,Twilight Lorelei of the Rocks.png,Star
Lorelei,Golden River Lorelei,"If in Exhaust Zone during Unit Combat Phase: 
Trade this in this Unit with the current Tier IV Unit in combat. ",After combat send this unit to the Exhaust Zone instead of the Void.,Water,4,4,IV,17,Level,Cups,0011,2026,F01,A.J.S ,Golden River Lorelei.png,Star
Lorelei,Heart-Luring Wave Lorelei,"If in Exhaust Zone during Major Demon Comabt Phase: 
Trade in this Unit with a Tier IV Unit in the Void. ",After combat send this unit to the Exhaust Zone instead of the Void.,Fire,5,5,IV,17,Level,Wand,0012,2026,F01,A.J.S ,Heart-Luring Wave Lorelei.png,Star
