Unit Type,Name,Attack,Defend,Element,Base Power Left,Base Power Right,Tier,Level,Stufe,Tool,Card Number,Card Date,Set Name,Created by,Artwork,Player Type
Brandteufel,Smokestorm Brandteufel,Gain 3 Teufel Mask counters. Transfrom another ally player on the field into a Brandteufel Unit type. ,Gain 2 Teufel Mask counters. Transfrom another ally player on the field into a Brandteufel Unit type. ,Wand,0,0,I,1,Level,Wand,0085,2026,F01,A.J.S ,Smokestorm Brandteufel.png,Normal
Brandteufel,Furnacebreak Brandteufel,Gain 2 Teufel Mask counters. Transfrom another ally player on the field into a Brandteufel Unit type. ,Reveal a Wand Unit in an Active Zone. They get +1 Defense during combat. ,Wand,1,1,I,2,Level,Wand,0086,2026,F01,A.J.S ,Furnacebreak Brandteufel.png,Normal
Brandteufel,Boilerblast Brandteufel,Reveal a Wand Unit in an Active Zone. They get +1 Attack during combat. ,Gain 1 Teufel Mask counter. Transfrom another ally player on the field into a Brandteufel Unit type. ,Wand,2,2,I,3,Level,Wand,0087,2026,F01,A.J.S ,Boilerblast Brandteufel.png,Normal
Brandteufel,Cinderworks Brandteufel,When the last ally Unit type in combat was a Brandteufel: Transform another Unit into a Brandteufel Unit tpye. Gain 1 Teufel Mask counter.,When the last ally Unit type in combat was a Brandteufel: This unit has +2 Defense. ,Wand,1,1,II,5,Level,Wand,0088,2026,F01,A.J.S ,Cinderworks Brandteufel.png,Normal
Brandteufel,Ironflare Brandteufel,When the last ally Unit type in combat was a Brandteufel: Your Major Demon gets +2 Attack. ,When the last ally Unit type in combat was a Brandteufel: Transfrom another ally player on the field into a Brandteufel Unit type. ,Wand,2,2,II,6,Level,Wand,0089,2026,F01,A.J.S ,Ironflare Brandteufel.png,Normal
Brandteufel,Foundryburn Brandteufel,When the last ally Unit type in combat was a Brandteufel: Transfrom another ally player on the field into a Brandteufel Unit type. ,When the last ally Unit type in combat was a Brandteufel: Look at any one random Unit from one of your opponents Tier Stacks.  ,Wand,3,3,II,6,Level,Wand,0090,2026,F01,A.J.S ,Foundryburn Brandteufel.png,Normal
Brandteufel,Heatwave Brandteufel,When the last ally Unit type in combat was a Brandteufel:  Remove text on a card. ,When the last ally Unit type in combat was a Brandteufel: Transfrom another ally player on the field into a Brandteufel Unit type. ,Wand,2,2,III,10,Level,Wand,0091,2026,F01,A.J.S ,Heatwave Brandteufel.png,Star
Brandteufel,Coalblaze Brandteufel,When the last ally Unit type in combat was a Brandteufel: Transfrom another ally player on the field into a Brandteufel Unit type. Gain 1 Teufel Mask counter.,When the last ally Unit type in combat was a Brandteufel: Gain 1 Teufel Mask counter and +1 Defense. ,Wand,3,3,III,10,Level,Wand,0092,2026,F01,A.J.S ,Coalblaze Brandteufel.png,Star
Brandteufel,Fireline Brandteufel,When the last ally Unit type in combat was a Brandteufel: Force an enemy Unit to defend with their Attack power. ,When the last ally Unit type in combat was a Brandteufel: Transfrom another ally player on the field into a Brandteufel Unit type. ,Wand,4,4,III,10,Level,Wand,0093,2026,F01,A.J.S ,Fireline Brandteufel.png,Star
Brandteufel,Blacksmoke Brandteufel,When the last ally Unit type in combat was a Brandteufel: Transfrom another ally player on the field into a Brandteufel Unit type. Gain 1 Teufel Mask counter.,"When the last ally Unit type in combat was a Brandteufel: Give an enemy Unit in combat - x Attack, where x are the bonus defense on Blacksmoke. ",Wand,3,3,IV,12,Level,Wand,0094,2026,F01,A.J.S ,Blacksmoke Brandteufel.png,Normal
Brandteufel,Hexflame Brandteufel,"When the last ally Unit type in combat was a Brandteufel: Choose a Wand Unit in the Void Zone, give it + x Attack Power where x is the amount of extra attack Hexflame has.  ",When the last ally Unit type in combat was a Brandteufel: Transfrom another ally player on the field into a Brandteufel Unit type. Gain 1 Teufel Mask counter.,Wand,4,4,IV,12,Level,Wand,0095,2026,F01,A.J.S ,Hexflame Brandteufel.png,Normal
Brandteufel,Sigilburn Brandteufel,When the last ally Unit type in combat was a Brandteufel: Transfrom another ally player on the field into a Brandteufel Unit type. Gain 1 Teufel Mask counter.,"When the last ally Unit type in combat was a Brandteufel: Remove x counters from an enemy Unit, where x are the bonus attack or defense on Sigilburn.",Wand,5,5,IV,12,Level,Wand,0096,2026,F01,A.J.S ,Sigilburn Brandteufel.png,Normal
